0,1
0,306680-3.wav
1,130970-9.wav
0,351093-3.wav
1,357031-2.wav
4,165345-9.wav
1,172494-6.wav
2,190473-3.wav
3,105818-9.wav
2,383961-10.wav
2,416294-3.wav
4,125284-3.wav
3,134180-1.wav
3,121281-4.wav
1,357943-12.wav
0,325137-8.wav
1,179353-8.wav
0,493957-7.wav
4,12876-10.wav
0,217847-0.wav
1,351831-6.wav
3,131646-2.wav
2,563612-11.wav
3,125721-2.wav
4,559279-1.wav
1,269503-15.wav
0,217913-3.wav
3,246812-4.wav
4,11846-1.wav
0,493957-3.wav
0,109668-13.wav
0,351082-8.wav
2,165272-11.wav
0,486798-4.wav
4,82113-3.wav
1,321788-3.wav
4,466178-8.wav
2,313352-4.wav
0,173150-2.wav
4,138075-13.wav
0,480035-10.wav
4,140466-9.wav
1,179351-12.wav
3,149420-1.wav
3,500924-2.wav
1,321941-0.wav
1,269503-3.wav
0,417877-9.wav
3,408014-2.wav
2,483578-3.wav
0,351075-7.wav
2,70119-4.wav
3,125706-7.wav
1,57040-11.wav
3,111646-0.wav
1,321897-9.wav
4,559279-0.wav
0,486798-0.wav
1,192423-10.wav
4,165346-11.wav
4,466178-9.wav
1,334320-6.wav
4,523589-19.wav
2,322572-13.wav
4,466178-3.wav
2,564545-8.wav
1,503419-2.wav
1,321942-6.wav
2,322572-11.wav
4,343926-9.wav
3,288255-15.wav
1,563125-10.wav
4,469588-1.wav
2,407819-3.wav
1,131455-5.wav
3,306748-2.wav
3,423504-5.wav
3,121281-9.wav
2,190441-3.wav
0,417877-1.wav
4,325690-6.wav
4,13164-10.wav
1,54019-7.wav
3,142621-1.wav
3,128238-9.wav
3,408018-9.wav
1,477371-8.wav
1,413128-9.wav
1,172494-3.wav
1,18484-12.wav
0,408558-13.wav
2,307484-12.wav
2,165292-10.wav
1,139965-7.wav
4,412669-6.wav
0,408558-7.wav
2,309318-3.wav
0,178016-3.wav
1,34576-5.wav
4,451804-1.wav
3,181738-4.wav
3,549591-4.wav
3,565240-0.wav
4,363861-2.wav
4,356804-1.wav
3,111655-5.wav
3,185605-7.wav
2,313352-8.wav
3,358837-8.wav
0,351091-9.wav
0,351081-4.wav
1,321927-1.wav
1,541426-0.wav
0,493957-0.wav
4,460604-1.wav
1,351829-6.wav
2,468991-1.wav
2,165272-3.wav
3,185605-6.wav
1,54725-12.wav
0,351093-11.wav
4,367706-4.wav
4,412669-7.wav
1,319143-10.wav
2,479482-14.wav
4,140466-15.wav
1,433083-11.wav
1,21735-0.wav
0,173148-4.wav
1,321931-10.wav
1,18483-9.wav
1,179353-6.wav
1,58179-1.wav
2,128490-2.wav
1,138494-4.wav
0,351078-2.wav
0,173148-0.wav
4,169226-11.wav
2,205803-7.wav
4,466178-10.wav
2,537326-11.wav
4,20420-10.wav
1,351830-11.wav
3,102948-2.wav
4,138075-7.wav
2,322565-9.wav
1,559014-13.wav
2,564544-0.wav
4,13164-11.wav
4,375382-13.wav
2,384027-6.wav
1,351831-10.wav
1,18483-2.wav
3,408811-3.wav
4,18125-2.wav
3,480032-6.wav
0,12577-5.wav
0,61472-7.wav
2,78683-8.wav
1,34576-9.wav
1,321913-12.wav
3,426314-2.wav
0,217853-7.wav
3,366597-4.wav
4,125284-1.wav
0,217843-11.wav
2,322821-13.wav
1,351831-1.wav
2,310256-9.wav
2,564324-3.wav
3,121280-2.wav
3,193953-2.wav
3,111649-12.wav
1,559014-7.wav
3,143923-4.wav
4,470299-12.wav
4,54652-1.wav
0,217833-0.wav
2,468991-4.wav
1,321913-10.wav
0,109397-8.wav
4,137583-13.wav
3,111671-13.wav
0,173153-8.wav
0,173154-10.wav
0,351075-4.wav
1,321786-2.wav
2,322822-3.wav
0,15269-5.wav
3,336819-13.wav
1,433083-4.wav
3,320469-3.wav
2,96869-2.wav
4,362613-13.wav
3,125713-13.wav
0,178015-8.wav
2,338199-13.wav
3,477785-6.wav
4,467213-0.wav
4,415386-12.wav
3,103338-12.wav
3,429249-3.wav
1,14212-6.wav
3,134164-5.wav
4,266643-1.wav
3,125706-6.wav
4,464152-7.wav
0,451370-2.wav
2,172423-4.wav
4,362753-12.wav
2,320724-2.wav
4,321375-0.wav
1,131455-2.wav
2,407819-12.wav
2,367008-15.wav
3,282625-4.wav
1,357031-14.wav
3,500924-8.wav
1,139965-5.wav
3,78060-2.wav
2,313352-10.wav
3,181738-2.wav
3,408571-10.wav
4,563619-11.wav
4,363861-5.wav
4,11846-6.wav
2,310256-6.wav
4,464152-2.wav
2,96869-1.wav
2,294460-0.wav
2,309928-1.wav
3,465907-13.wav
4,466692-0.wav
1,321899-10.wav
1,541426-10.wav
0,473447-0.wav
3,111650-9.wav
0,217835-4.wav
4,356804-2.wav
1,406012-18.wav
2,313351-5.wav
1,538537-5.wav
4,12876-4.wav
3,336819-1.wav
0,351081-9.wav
3,312736-8.wav
1,563125-14.wav
1,321927-0.wav
4,233123-12.wav
3,105818-11.wav
0,217834-9.wav
4,559279-8.wav
1,469351-8.wav
1,131455-0.wav
4,220402-6.wav
2,322565-3.wav
4,466692-9.wav
2,103059-7.wav
3,132874-6.wav
4,321375-6.wav
3,121281-6.wav
0,217853-3.wav
3,429249-0.wav
4,412668-11.wav
0,451372-3.wav
3,111654-9.wav
2,469605-1.wav
0,172751-5.wav
3,125706-4.wav
1,21733-14.wav
1,179351-9.wav
1,179351-4.wav
3,129646-2.wav
3,362470-5.wav
3,102948-0.wav
4,415386-13.wav
3,565240-10.wav
4,560427-7.wav
4,317502-0.wav
4,13164-2.wav
3,142621-6.wav
1,184933-1.wav
3,375662-0.wav
3,142621-10.wav
4,175226-8.wav
2,500148-2.wav
0,473447-4.wav
1,321914-10.wav
3,111651-8.wav
1,184933-14.wav
1,321894-1.wav
3,111651-6.wav
3,111287-2.wav
1,351831-9.wav
3,125723-0.wav
2,320724-9.wav
2,165303-1.wav
1,18484-6.wav
0,109397-7.wav
2,564544-13.wav
1,321941-7.wav
0,557838-11.wav
0,217853-0.wav
4,415386-8.wav
2,351861-10.wav
0,451371-3.wav
4,18344-14.wav
1,537579-3.wav
2,446457-10.wav
1,470300-7.wav
3,358837-1.wav
2,559314-7.wav
2,322822-0.wav
0,323977-10.wav
4,211633-7.wav
1,21735-12.wav
3,18388-6.wav
0,325137-0.wav
0,217819-12.wav
1,170052-0.wav
0,217839-2.wav
2,294460-8.wav
4,185240-10.wav
3,103338-6.wav
0,217833-1.wav
2,322565-11.wav
2,479482-9.wav
2,562221-11.wav
1,423438-4.wav
4,460604-8.wav
4,409009-2.wav
3,363142-6.wav
1,321942-10.wav
2,103060-1.wav
4,325658-0.wav
0,469010-7.wav
3,408018-0.wav
4,460604-2.wav
1,406012-6.wav
3,551290-9.wav
2,479482-13.wav
1,317019-10.wav
3,132874-3.wav
3,172442-0.wav
0,12578-9.wav
3,205806-1.wav
0,217819-9.wav
0,351058-13.wav
0,173153-1.wav
1,534181-13.wav
0,104637-7.wav
0,351091-2.wav
0,109668-1.wav
4,196163-12.wav
2,309318-10.wav
2,319833-16.wav
1,413128-13.wav
0,451298-9.wav
4,140466-0.wav
3,320469-1.wav
0,469007-0.wav
3,205806-4.wav
3,121281-1.wav
3,175509-7.wav
1,321931-5.wav
2,78015-1.wav
0,61471-3.wav
3,480068-10.wav
2,564545-6.wav
2,175222-2.wav
4,382878-8.wav
4,109035-4.wav
4,367804-10.wav
2,14442-10.wav
1,172647-7.wav
2,407819-0.wav
3,111668-8.wav
0,173150-7.wav
1,21733-7.wav
1,541426-7.wav
4,317266-3.wav
3,121280-6.wav
1,563125-4.wav
2,96869-6.wav
2,34766-6.wav
1,541496-7.wav
3,477785-3.wav
1,18484-9.wav
4,466697-0.wav
3,477785-0.wav
1,138494-2.wav
2,469605-8.wav
3,557836-2.wav
0,451372-12.wav
0,89833-0.wav
2,14442-3.wav
4,220401-3.wav
1,503419-0.wav
3,462899-4.wav
4,542090-7.wav
1,321894-13.wav
3,149420-2.wav
0,172752-10.wav
0,544036-9.wav
3,121280-14.wav
0,173154-1.wav
3,225619-1.wav
2,165304-6.wav
3,500924-9.wav
0,173153-4.wav
4,321375-2.wav
0,351058-9.wav
3,393994-0.wav
2,384027-10.wav
3,327795-1.wav
4,356804-4.wav
3,102948-6.wav
0,217824-12.wav
3,393994-13.wav
4,11713-1.wav
4,463767-2.wav
2,468991-6.wav
4,72185-5.wav
2,325132-5.wav
2,375274-11.wav
0,217847-10.wav
2,309318-6.wav
1,552450-9.wav
1,184933-7.wav
1,557029-0.wav
1,13610-12.wav
2,464766-1.wav
0,12577-9.wav
2,382342-0.wav
1,14213-2.wav
1,321902-10.wav
3,465907-2.wav
1,321906-8.wav
1,321789-10.wav
4,370494-7.wav
3,125713-0.wav
2,564319-11.wav
2,406326-12.wav
0,557838-14.wav
2,384027-9.wav
1,541426-12.wav
4,367804-11.wav
1,321943-1.wav
0,12578-1.wav
1,357943-13.wav
4,321375-1.wav
4,474134-15.wav
2,103060-16.wav
3,133566-0.wav
0,323974-0.wav
3,205810-3.wav
1,317019-9.wav
3,76471-6.wav
1,21735-4.wav
3,125711-0.wav
3,557836-7.wav
1,542156-12.wav
1,130970-6.wav
0,544036-10.wav
4,445757-11.wav
3,366597-5.wav
1,406012-17.wav
4,233122-4.wav
2,562221-0.wav
1,172494-12.wav
0,172752-7.wav
2,165304-15.wav
3,423504-7.wav
2,469605-16.wav
3,320469-0.wav
0,469010-0.wav
1,13609-0.wav
1,172494-17.wav
4,367804-15.wav
2,325132-6.wav
1,139965-2.wav
2,165292-0.wav
4,143800-4.wav
1,321905-8.wav
2,446458-6.wav
0,217819-4.wav
4,166106-7.wav
0,351041-5.wav
4,375382-9.wav
1,416049-2.wav
0,109668-4.wav
0,109668-0.wav
4,18125-4.wav
4,466697-9.wav
1,179353-2.wav
3,142621-8.wav
3,193953-7.wav
3,393996-8.wav
3,282512-4.wav
0,451298-0.wav
3,500924-4.wav
0,172752-14.wav
4,11713-7.wav
4,372866-4.wav
1,321902-8.wav
4,211633-8.wav
3,125721-0.wav
3,375662-2.wav
0,61472-9.wav
2,562449-2.wav
1,170052-3.wav
0,172752-4.wav
3,125711-8.wav
3,408126-6.wav
2,103060-9.wav
1,321786-9.wav
1,321931-8.wav
3,381568-2.wav
0,486798-1.wav
2,382342-13.wav
0,205433-1.wav
3,121280-8.wav
0,351041-7.wav
3,175509-9.wav
0,178015-2.wav
1,321943-17.wav
4,564312-12.wav
1,499260-13.wav
1,351831-15.wav
2,322887-6.wav
0,173153-9.wav
2,483578-10.wav
2,564545-0.wav
1,542156-8.wav
0,217913-4.wav
3,134180-10.wav
2,165272-10.wav
2,309928-0.wav
1,321902-9.wav
1,423438-2.wav
4,463767-9.wav
4,233123-1.wav
0,109397-1.wav
3,336819-5.wav
0,323977-9.wav
2,338199-10.wav
3,73428-6.wav
0,332644-2.wav
3,362469-5.wav
1,357943-3.wav
2,423449-11.wav
0,217851-14.wav
2,322572-9.wav
3,469877-5.wav
3,288000-1.wav
3,425799-14.wav
2,322887-4.wav
4,559516-7.wav
4,71208-6.wav
1,232710-10.wav
4,466697-5.wav
3,193953-0.wav
0,351093-8.wav
3,111655-11.wav
3,376028-4.wav
4,302932-11.wav
1,351831-14.wav
1,499260-5.wav
3,408014-4.wav
3,125718-0.wav
1,364588-15.wav
2,190441-8.wav
0,323975-6.wav
1,312453-11.wav
4,220401-9.wav
3,36619-6.wav
4,474134-4.wav
3,480068-4.wav
3,388773-11.wav
1,545900-11.wav
3,111666-0.wav
4,190526-10.wav
2,416294-11.wav
2,408817-17.wav
4,183008-0.wav
1,54019-13.wav
3,327795-10.wav
3,425799-2.wav
2,559314-0.wav
2,537326-4.wav
0,172751-12.wav
3,111653-0.wav
1,542156-3.wav
1,54018-7.wav
4,372866-0.wav
0,173150-3.wav
0,351093-5.wav
0,205433-11.wav
2,132864-4.wav
0,217835-6.wav
0,323977-7.wav
3,462899-0.wav
1,21732-13.wav
3,133566-12.wav
3,111653-2.wav
3,225619-0.wav
2,269082-0.wav
1,406012-1.wav
4,412668-0.wav
3,306748-11.wav
3,111654-2.wav
3,408126-8.wav
2,322887-3.wav
0,237263-9.wav
3,36619-1.wav
3,557836-11.wav
3,128904-1.wav
1,179353-5.wav
1,541426-8.wav
1,321927-8.wav
4,489171-11.wav
2,14442-8.wav
4,302932-3.wav
0,61471-9.wav
1,179351-7.wav
3,483978-7.wav
3,493448-2.wav
3,131649-1.wav
1,321945-2.wav
4,363861-3.wav
2,322572-12.wav
2,205803-8.wav
4,166106-10.wav
4,172437-5.wav
4,233123-0.wav
4,544966-4.wav
2,320027-4.wav
1,321932-6.wav
4,190456-3.wav
0,351049-8.wav
2,294460-13.wav
4,466692-5.wav
0,557838-4.wav
0,178015-0.wav
4,205836-6.wav
2,338199-14.wav
1,357031-3.wav
0,237263-1.wav
1,552450-5.wav
3,111646-8.wav
1,334320-11.wav
2,322572-14.wav
3,183355-1.wav
1,172648-11.wav
4,362613-11.wav
0,15270-1.wav
1,321905-11.wav
0,351093-6.wav
3,125718-7.wav
4,18344-4.wav
3,36619-7.wav
2,464766-14.wav
3,111654-5.wav
0,217833-12.wav
1,433083-2.wav
2,325132-7.wav
3,111646-4.wav
3,423504-2.wav
4,169226-5.wav
1,394057-2.wav
3,420846-8.wav
3,480068-8.wav
3,565240-8.wav
1,54018-13.wav
4,137583-8.wav
2,483628-4.wav
1,184933-12.wav
4,418321-7.wav
3,143923-6.wav
2,483628-6.wav
3,483220-13.wav
3,181738-1.wav
1,423438-9.wav
1,21735-6.wav
0,351179-11.wav
1,172494-18.wav
2,367008-1.wav
2,468991-13.wav
3,288255-7.wav
1,552450-7.wav
4,489169-6.wav
4,211633-6.wav
2,129798-4.wav
0,217843-4.wav
0,22069-10.wav
1,321942-7.wav
3,483978-2.wav
1,503419-11.wav
3,462899-1.wav
1,321941-8.wav
4,412330-11.wav
0,89833-3.wav
1,172494-7.wav
0,217913-8.wav
2,564544-1.wav
3,483978-0.wav
1,18484-0.wav
3,111646-1.wav
3,388773-7.wav
3,105818-7.wav
1,179353-4.wav
0,417877-4.wav
1,269503-6.wav
3,306748-13.wav
1,192423-12.wav
2,128490-3.wav
2,165304-10.wav
0,306680-14.wav
0,451372-5.wav
3,558357-1.wav
4,317502-2.wav
3,111287-3.wav
3,320719-4.wav
1,54018-10.wav
1,357031-8.wav
0,212943-8.wav
0,173154-7.wav
4,138075-2.wav
2,13602-10.wav
4,302932-8.wav
4,363861-17.wav
2,34766-5.wav
2,34766-7.wav
0,104637-2.wav
4,190526-3.wav
0,109397-4.wav
1,321945-0.wav
1,394057-6.wav
2,322572-4.wav
2,564324-7.wav
4,544966-12.wav
4,559279-10.wav
3,327795-11.wav
3,111671-2.wav
2,483578-12.wav
3,111649-13.wav
3,205806-0.wav
4,266643-6.wav
1,545900-10.wav
3,205806-2.wav
3,306748-12.wav
4,72185-4.wav
1,321788-14.wav
3,288255-9.wav
1,423438-6.wav
4,474134-12.wav
2,562221-2.wav
0,351083-3.wav
0,15270-7.wav
4,469588-7.wav
1,34576-3.wav
3,102948-9.wav
3,288255-2.wav
2,190473-10.wav
3,125714-6.wav
2,322821-9.wav
1,499260-16.wav
2,468991-2.wav
1,138494-1.wav
2,500148-3.wav
0,217911-7.wav
1,538537-10.wav
0,451371-13.wav
2,310256-13.wav
3,565242-5.wav
2,479482-0.wav
4,451804-6.wav
1,57040-10.wav
3,549591-5.wav
2,382342-10.wav
1,406012-11.wav
0,544036-5.wav
1,489315-9.wav
3,36619-0.wav
2,190473-5.wav
0,480035-13.wav
1,351829-9.wav
2,103060-13.wav
0,351083-4.wav
1,321905-9.wav
3,111645-4.wav
4,367706-7.wav
2,96869-9.wav
2,408817-1.wav
2,375006-11.wav
0,172751-7.wav
2,408817-7.wav
0,557838-5.wav
2,78683-10.wav
1,62791-7.wav
2,165292-2.wav
4,367804-7.wav
2,165304-14.wav
2,325132-3.wav
3,483881-6.wav
2,205803-9.wav
1,54019-16.wav
3,420846-0.wav
0,451370-0.wav
3,102948-7.wav
2,368615-10.wav
2,322884-9.wav
2,165291-8.wav
4,233122-9.wav
3,36619-3.wav
1,321943-8.wav
4,324411-2.wav
4,408321-12.wav
1,334320-7.wav
4,542090-1.wav
3,381568-4.wav
1,13610-6.wav
0,61471-5.wav
1,503419-6.wav
1,13610-11.wav
0,351076-4.wav
2,468991-14.wav
0,451298-13.wav
4,559516-12.wav
0,178322-14.wav
3,78059-4.wav
4,362613-2.wav
3,482639-12.wav
4,356804-6.wav
1,534181-14.wav
3,73428-0.wav
1,541496-0.wav
1,364588-12.wav
2,96869-5.wav
2,129798-7.wav
3,490351-12.wav
0,480035-11.wav
4,165346-5.wav
0,173150-6.wav
1,13609-1.wav
3,111644-7.wav
3,111667-2.wav
0,451371-0.wav
2,34766-12.wav
1,538537-4.wav
4,266643-5.wav
1,139965-6.wav
4,445757-2.wav
0,109397-0.wav
1,343928-6.wav
3,134180-8.wav
3,111649-6.wav
2,351863-5.wav
2,322822-15.wav
4,489171-3.wav
2,563612-2.wav
2,416294-2.wav
3,195046-1.wav
3,490353-5.wav
1,172648-2.wav
3,111667-9.wav
2,408817-12.wav
0,172752-9.wav
4,408321-0.wav
2,320027-0.wav
0,351049-10.wav
2,375274-10.wav
4,220401-8.wav
3,336819-3.wav
3,362470-1.wav
4,489169-4.wav
4,362753-10.wav
3,493448-5.wav
2,368615-15.wav
0,351091-1.wav
2,406326-8.wav
1,321905-2.wav
0,172752-3.wav
3,558357-3.wav
3,134180-6.wav
2,320724-7.wav
0,212943-10.wav
0,351083-11.wav
3,76471-2.wav
3,18388-1.wav
1,559014-11.wav
2,338199-7.wav
1,357943-15.wav
1,357031-4.wav
4,489171-7.wav
1,489315-7.wav
1,364588-1.wav
1,57040-7.wav
0,217835-3.wav
1,534181-12.wav
2,562221-10.wav
0,544036-7.wav
2,469605-7.wav
3,269172-0.wav
2,500148-11.wav
1,317019-8.wav
4,235432-7.wav
2,408817-6.wav
0,408558-12.wav
4,460742-8.wav
4,172437-8.wav
4,165345-6.wav
3,465907-7.wav
1,351829-7.wav
0,323977-6.wav
0,178016-4.wav
2,132864-6.wav
4,109034-0.wav
3,549591-7.wav
3,306748-10.wav
0,173154-6.wav
3,142619-0.wav
2,96869-10.wav
2,383961-8.wav
0,217835-8.wav
2,562449-9.wav
3,384033-0.wav
2,165272-5.wav
0,217851-2.wav
2,103059-2.wav
1,321906-3.wav
2,469605-4.wav
3,78060-3.wav
2,165303-10.wav
1,423438-3.wav
1,559014-1.wav
0,351041-4.wav
4,233123-9.wav
2,563612-3.wav
2,564545-9.wav
0,417877-8.wav
1,138494-11.wav
2,559314-3.wav
0,12578-5.wav
2,165303-9.wav
3,103338-14.wav
3,121280-13.wav
1,172494-10.wav
2,351861-5.wav
4,190526-6.wav
4,460742-4.wav
4,559516-9.wav
1,321788-8.wav
4,362613-7.wav
2,351863-12.wav
4,415386-2.wav
4,466697-10.wav
1,416049-9.wav
4,71208-13.wav
4,564311-9.wav
4,460604-0.wav
3,189286-1.wav
1,321899-5.wav
1,321931-6.wav
0,351082-5.wav
0,217854-5.wav
0,217839-3.wav
3,18387-9.wav
3,111289-5.wav
4,463767-8.wav
4,71208-7.wav
2,367008-11.wav
0,480035-5.wav
1,319143-9.wav
3,62782-1.wav
1,14213-0.wav
2,309928-5.wav
3,480032-4.wav
2,423449-7.wav
4,408321-4.wav
2,406326-5.wav
1,57040-8.wav
3,246812-2.wav
3,111649-3.wav
3,78059-2.wav
1,321906-0.wav
2,408817-11.wav
1,321788-2.wav
1,192423-9.wav
4,463767-5.wav
0,217853-9.wav
2,559314-4.wav
4,211633-0.wav
4,489171-5.wav
4,489171-4.wav
2,407819-1.wav
0,469010-4.wav
1,321899-14.wav
3,181738-9.wav
2,500148-8.wav
1,179351-0.wav
2,375006-8.wav
2,446458-1.wav
4,18125-6.wav
3,125714-3.wav
4,20420-11.wav
1,321945-8.wav
4,415386-16.wav
3,312736-7.wav
0,178322-1.wav
2,562221-14.wav
3,363142-4.wav
3,500924-0.wav
3,131649-0.wav
1,469896-8.wav
4,11713-4.wav
3,149420-5.wav
3,111667-3.wav
1,58179-2.wav
1,376174-6.wav
0,480035-6.wav
2,564544-14.wav
3,434169-8.wav
4,137583-5.wav
4,542090-9.wav
4,451804-3.wav
0,417877-10.wav
3,320469-2.wav
0,323979-2.wav
0,269166-12.wav
1,416049-13.wav
0,351179-10.wav
4,324411-8.wav
4,18344-10.wav
3,121280-9.wav
4,362613-10.wav
4,313423-8.wav
0,323977-1.wav
4,542090-0.wav
2,205803-4.wav
1,423438-13.wav
3,76471-5.wav
2,416294-9.wav
1,357943-14.wav
4,489169-10.wav
1,54018-12.wav
3,111671-11.wav
3,408127-3.wav
1,376174-13.wav
0,469010-13.wav
0,323981-3.wav
4,82113-5.wav
0,217819-3.wav
3,381568-5.wav
2,14442-13.wav
3,111289-6.wav
3,490351-7.wav
0,557838-1.wav
4,469588-8.wav
2,309318-9.wav
3,309650-4.wav
1,416049-11.wav
1,321897-14.wav
3,490353-6.wav
4,220402-0.wav
3,363142-9.wav
0,451370-9.wav
1,563125-5.wav
4,11713-8.wav
3,185605-5.wav
0,178016-10.wav
2,165272-9.wav
0,205433-0.wav
3,426314-8.wav
3,111670-2.wav
2,479482-3.wav
3,111668-5.wav
2,563612-8.wav
2,469605-0.wav
1,62791-14.wav
2,14442-9.wav
4,18344-11.wav
4,172437-6.wav
4,408321-8.wav
4,412330-6.wav
2,320724-0.wav
4,363861-11.wav
1,423438-11.wav
0,325137-3.wav
3,408571-3.wav
3,142620-8.wav
4,317502-1.wav
1,21735-2.wav
3,288255-1.wav
4,324411-10.wav
4,302932-10.wav
3,134180-5.wav
4,559279-5.wav
3,320719-5.wav
1,321927-6.wav
1,542156-1.wav
2,165272-8.wav
2,464766-6.wav
1,545900-5.wav
2,294460-10.wav
2,368614-2.wav
0,173154-11.wav
4,18344-13.wav
1,184933-0.wav
1,394057-3.wav
2,322887-10.wav
1,62791-15.wav
0,351041-2.wav
4,474134-9.wav
1,423438-10.wav
2,269082-9.wav
4,169226-3.wav
1,489315-4.wav
2,313352-13.wav
4,409007-5.wav
1,139965-10.wav
4,474134-14.wav
4,317502-4.wav
2,78015-2.wav
2,351863-4.wav
3,561356-0.wav
4,233122-10.wav
4,325690-9.wav
2,70119-3.wav
3,111654-1.wav
0,217824-4.wav
2,97957-9.wav
0,173150-0.wav
0,323975-3.wav
3,408014-5.wav
3,551290-4.wav
0,351078-9.wav
4,211633-12.wav
2,416294-17.wav
4,137583-12.wav
2,322572-2.wav
4,11846-10.wav
1,406012-16.wav
3,111669-6.wav
2,322734-0.wav
3,408810-5.wav
2,78683-7.wav
3,133568-0.wav
4,71208-1.wav
1,563125-8.wav
2,351861-1.wav
1,499260-11.wav
3,312736-5.wav
0,480035-7.wav
1,477371-3.wav
4,109034-6.wav
1,21732-7.wav
1,321923-12.wav
4,71208-9.wav
3,189286-4.wav
1,477371-9.wav
0,351082-1.wav
3,183355-5.wav
4,489169-3.wav
1,477371-2.wav
3,483220-7.wav
1,433083-0.wav
0,351083-9.wav
4,175226-9.wav
3,111644-12.wav
3,36619-8.wav
2,564319-3.wav
4,18125-3.wav
4,12876-2.wav
3,18387-7.wav
4,166106-5.wav
0,61472-11.wav
2,138063-4.wav
4,196163-2.wav
2,469605-5.wav
4,373569-2.wav
0,351081-3.wav
1,321906-10.wav
2,408817-0.wav
1,139965-8.wav
1,376174-2.wav
1,321914-1.wav
1,469896-3.wav
1,54019-1.wav
0,12578-3.wav
4,470301-4.wav
4,317266-13.wav
1,172648-8.wav
3,111670-10.wav
4,325658-3.wav
4,563619-6.wav
4,302932-9.wav
2,294460-9.wav
3,125723-2.wav
0,323977-4.wav
1,18484-2.wav
0,408558-8.wav
3,111653-4.wav
3,481115-4.wav
2,446457-3.wav
4,137583-9.wav
3,189286-2.wav
3,134164-6.wav
3,325378-10.wav
2,175222-9.wav
4,138075-8.wav
0,469010-6.wav
1,538122-10.wav
4,564312-8.wav
3,480032-5.wav
4,343926-2.wav
4,466692-14.wav
3,408126-4.wav
1,18483-1.wav
2,165304-12.wav
2,177384-13.wav
4,474134-10.wav
1,139965-0.wav
2,375006-13.wav
1,321914-8.wav
1,321941-14.wav
4,12876-14.wav
3,111646-9.wav
4,220401-14.wav
2,537326-1.wav
2,178008-5.wav
4,20420-13.wav
0,173153-6.wav
2,394835-3.wav
3,111649-5.wav
4,317266-0.wav
2,309928-8.wav
1,321931-0.wav
3,500924-10.wav
3,185605-4.wav
3,425799-6.wav
1,413128-3.wav
2,294460-12.wav
1,351831-11.wav
0,178322-10.wav
0,417877-2.wav
2,563197-2.wav
1,18483-5.wav
3,189286-0.wav
4,464152-13.wav
4,464152-9.wav
3,336819-14.wav
1,423438-12.wav
3,362470-6.wav
3,225619-4.wav
3,111645-3.wav
3,103338-9.wav
2,138063-6.wav
2,367008-17.wav
2,13602-0.wav
3,111667-6.wav
3,434169-4.wav
1,416049-12.wav
1,489315-8.wav
4,18344-15.wav
3,73428-1.wav
3,125714-9.wav
1,18483-14.wav
3,282625-1.wav
0,15269-10.wav
1,537579-8.wav
1,557029-6.wav
3,78060-5.wav
4,266643-7.wav
2,563197-4.wav
4,375382-0.wav
1,536012-2.wav
3,306748-4.wav
4,165346-13.wav
3,225619-2.wav
1,312453-0.wav
4,564312-3.wav
0,351179-4.wav
1,172494-13.wav
1,321906-13.wav
3,131649-3.wav
1,351829-2.wav
2,97957-2.wav
2,564324-8.wav
4,372866-10.wav
0,351075-9.wav
0,15269-6.wav
0,351076-1.wav
1,406012-8.wav
2,564324-5.wav
1,351830-12.wav
4,11846-9.wav
2,416294-6.wav
1,357031-6.wav
0,351093-1.wav
4,72185-6.wav
0,408558-5.wav
2,562221-6.wav
0,173153-14.wav
0,323979-3.wav
3,481115-8.wav
4,220402-11.wav
4,363861-15.wav
1,172648-9.wav
2,338199-9.wav
2,351861-6.wav
1,557029-1.wav
1,469351-5.wav
3,384033-1.wav
3,483881-2.wav
4,470301-0.wav
2,138063-5.wav
4,266643-2.wav
3,125711-6.wav
3,325378-3.wav
0,173150-14.wav
2,310256-14.wav
1,13609-4.wav
0,544036-4.wav
2,103059-0.wav
0,217824-5.wav
2,564544-5.wav
4,412668-1.wav
1,477371-4.wav
3,111670-13.wav
1,321906-12.wav
1,14213-6.wav
3,179182-1.wav
4,373569-8.wav
4,11713-6.wav
4,313423-7.wav
3,288000-4.wav
1,538537-0.wav
4,183008-10.wav
1,14213-9.wav
4,165345-2.wav
3,235955-9.wav
4,137583-1.wav
1,563125-0.wav
1,13610-2.wav
3,288255-5.wav
4,564312-15.wav
4,372866-7.wav
3,111669-3.wav
2,128490-4.wav
2,446457-8.wav
1,343928-11.wav
4,169226-8.wav
4,409009-1.wav
2,34766-1.wav
4,564311-17.wav
4,166106-9.wav
4,233122-11.wav
0,325137-4.wav
2,368615-6.wav
1,321923-5.wav
4,466178-1.wav
3,62782-4.wav
4,325690-2.wav
0,217819-0.wav
1,538122-5.wav
4,415386-18.wav
3,128238-11.wav
1,21732-4.wav
2,368614-14.wav
4,362753-4.wav
1,179351-1.wav
1,18483-0.wav
0,172752-2.wav
4,563619-0.wav
0,451371-4.wav
0,351078-6.wav
3,483884-7.wav
0,14172-8.wav
0,217913-11.wav
0,15270-8.wav
3,336819-2.wav
3,483881-0.wav
4,362753-0.wav
3,420846-5.wav
4,211633-5.wav
0,61472-6.wav
1,130970-10.wav
4,324411-7.wav
3,225619-6.wav
0,237263-8.wav
1,54725-6.wav
4,372866-9.wav
4,372866-8.wav
1,537579-2.wav
4,13164-9.wav
2,383961-16.wav
2,165303-6.wav
3,312736-3.wav
4,183008-6.wav
3,142621-9.wav
2,408817-15.wav
0,451372-0.wav
0,493957-8.wav
3,558357-2.wav
3,111653-9.wav
0,12577-7.wav
3,235955-0.wav
1,21732-8.wav
2,322734-9.wav
3,408571-7.wav
3,565240-9.wav
2,383961-9.wav
2,423449-2.wav
4,109034-8.wav
0,351179-1.wav
1,406012-0.wav
4,523589-20.wav
0,217834-10.wav
4,302932-2.wav
4,72185-1.wav
2,423449-3.wav
3,128904-5.wav
3,386586-4.wav
2,14442-7.wav
1,54725-2.wav
3,386586-5.wav
1,334320-0.wav
4,172437-4.wav
0,217924-7.wav
3,425799-7.wav
2,322821-0.wav
0,451370-4.wav
2,132864-8.wav
4,82113-7.wav
2,368614-15.wav
2,96869-11.wav
0,269166-1.wav
4,415386-4.wav
2,351861-8.wav
3,336819-0.wav
2,537326-7.wav
0,351078-1.wav
0,89833-16.wav
3,111650-6.wav
4,363861-13.wav
1,552447-5.wav
2,165272-0.wav
2,483578-5.wav
2,562221-1.wav
3,393994-9.wav
4,559516-0.wav
1,552450-12.wav
2,128490-1.wav
3,465907-8.wav
3,381570-4.wav
3,366597-3.wav
1,312453-7.wav
3,125706-2.wav
3,358837-3.wav
3,490351-8.wav
2,310256-3.wav
0,451298-11.wav
4,138075-16.wav
2,34766-11.wav
4,559516-1.wav
3,465907-10.wav
2,375006-5.wav
3,368065-5.wav
3,469877-3.wav
4,415386-0.wav
4,412330-0.wav
0,172752-8.wav
3,142619-8.wav
4,466692-2.wav
3,142620-1.wav
4,138075-9.wav
0,61472-3.wav
1,537579-4.wav
3,363141-0.wav
0,451372-8.wav
1,406012-14.wav
2,78015-8.wav
2,368615-1.wav
4,367804-4.wav
1,232710-0.wav
0,351038-9.wav
1,192423-6.wav
4,313423-10.wav
3,408018-5.wav
2,394835-9.wav
1,552447-6.wav
0,217834-5.wav
2,423449-6.wav
0,351091-8.wav
2,446458-8.wav
4,233122-6.wav
2,175222-0.wav
3,381570-1.wav
0,22069-7.wav
2,407819-2.wav
0,172751-13.wav
2,383961-13.wav
3,493448-4.wav
3,408811-2.wav
0,544036-6.wav
2,338199-1.wav
0,351081-12.wav
4,317266-2.wav
2,175222-3.wav
2,129798-6.wav
3,363142-10.wav
1,14213-5.wav
1,559014-12.wav
3,551290-6.wav
2,382342-9.wav
1,321902-0.wav
4,372866-6.wav
1,34576-7.wav
4,483878-1.wav
1,184933-11.wav
3,366598-5.wav
4,18125-1.wav
0,217924-5.wav
1,469351-13.wav
1,54725-17.wav
4,544966-11.wav
4,469588-0.wav
1,54725-8.wav
2,564544-3.wav
1,179353-9.wav
3,408810-0.wav
3,288000-8.wav
2,103059-4.wav
1,192423-1.wav
3,125706-0.wav
1,538122-4.wav
0,178322-4.wav
4,451804-4.wav
1,376174-0.wav
0,306680-2.wav
0,323981-0.wav
2,190441-2.wav
4,190526-11.wav
4,11846-13.wav
3,144116-11.wav
4,363861-1.wav
1,321942-3.wav
2,564319-9.wav
3,481115-2.wav
3,18388-2.wav
1,170052-6.wav
1,21733-4.wav
0,205433-10.wav
4,165346-0.wav
1,499260-1.wav
0,323974-9.wav
3,111668-0.wav
0,544036-2.wav
1,321913-4.wav
3,481115-3.wav
1,559014-2.wav
3,469877-8.wav
2,384027-8.wav
4,190526-1.wav
2,562449-10.wav
3,111653-6.wav
4,362753-9.wav
1,364588-10.wav
3,125723-1.wav
4,205836-5.wav
0,486798-7.wav
3,111670-6.wav
1,357943-4.wav
0,451371-12.wav
3,320719-3.wav
4,266643-4.wav
4,408321-13.wav
2,128490-0.wav
4,140466-11.wav
3,111649-0.wav
2,78015-9.wav
4,560427-5.wav
0,351065-0.wav
1,534181-7.wav
1,477371-16.wav
4,190456-5.wav
1,503419-16.wav
4,445757-3.wav
2,500148-14.wav
1,563125-11.wav
4,302932-1.wav
4,560427-1.wav
1,537579-10.wav
4,325658-5.wav
2,562449-6.wav
4,445757-4.wav
1,269503-12.wav
4,185240-6.wav
0,351038-5.wav
0,451298-10.wav
1,321788-15.wav
1,364588-11.wav
3,469877-2.wav
1,321788-11.wav
3,144116-10.wav
2,313352-2.wav
2,351861-9.wav
4,464152-0.wav
2,351863-3.wav
4,409007-7.wav
3,142620-10.wav
0,61471-8.wav
3,111670-12.wav
2,322884-11.wav
3,73428-5.wav
2,132864-5.wav
2,103060-12.wav
2,319833-12.wav
3,483220-2.wav
2,416294-16.wav
1,334320-2.wav
4,559516-8.wav
1,545900-9.wav
2,368615-3.wav
3,125718-1.wav
1,557029-2.wav
1,269503-5.wav
3,103338-7.wav
0,173153-0.wav
3,193953-8.wav
1,138494-0.wav
3,132874-5.wav
0,14172-9.wav
3,103338-11.wav
4,220402-9.wav
2,165272-2.wav
1,416049-3.wav
4,71208-0.wav
3,376028-9.wav
4,372866-13.wav
2,562449-7.wav
0,323979-12.wav
2,384027-3.wav
0,205433-8.wav
1,170052-15.wav
4,370494-1.wav
2,205803-5.wav
0,351065-2.wav
4,190526-7.wav
4,313423-2.wav
0,351083-8.wav
2,320027-2.wav
3,425799-12.wav
3,131646-6.wav
0,217851-10.wav
2,313352-1.wav
1,536012-5.wav
3,490351-11.wav
0,217824-8.wav
4,544966-7.wav
4,460604-6.wav
2,368615-7.wav
1,232710-3.wav
3,288255-4.wav
1,534181-2.wav
4,13164-0.wav
4,140466-1.wav
2,500148-4.wav
0,451370-8.wav
2,320027-5.wav
3,336819-7.wav
1,321894-7.wav
4,466697-2.wav
0,217851-13.wav
1,321899-13.wav
4,18125-7.wav
3,111670-7.wav
0,323974-4.wav
0,217833-14.wav
0,408543-6.wav
2,165303-5.wav
1,184933-10.wav
1,321905-5.wav
0,351082-4.wav
3,125711-11.wav
2,562221-8.wav
4,220402-8.wav
1,469896-1.wav
0,451298-12.wav
2,205803-3.wav
3,425799-11.wav
4,11713-0.wav
2,320724-3.wav
4,564311-5.wav
3,408810-9.wav
1,541496-8.wav
1,232710-11.wav
4,220400-7.wav
1,538537-6.wav
0,217843-7.wav
4,343926-3.wav
2,128490-7.wav
0,351091-13.wav
1,321932-0.wav
0,217819-10.wav
3,480224-5.wav
1,18483-6.wav
3,111289-0.wav
3,490351-1.wav
3,121281-5.wav
3,125711-1.wav
4,564311-13.wav
3,465907-11.wav
4,370494-9.wav
3,465907-12.wav
1,406012-12.wav
0,217854-1.wav
2,375274-8.wav
1,477371-12.wav
1,172494-16.wav
1,534181-11.wav
1,13609-8.wav
4,172437-1.wav
3,143923-0.wav
1,172494-2.wav
2,165291-14.wav
1,469351-4.wav
4,321375-4.wav
3,189286-5.wav
3,105818-5.wav
1,321942-0.wav
3,235955-4.wav
0,15270-4.wav
1,321786-0.wav
1,321894-5.wav
4,559279-3.wav
4,138075-14.wav
0,351038-4.wav
1,351831-3.wav
2,190441-10.wav
2,129798-3.wav
0,109668-10.wav
0,332644-12.wav
0,269166-13.wav
3,408126-5.wav
4,363861-12.wav
2,165291-6.wav
4,367706-3.wav
3,490351-2.wav
0,351179-12.wav
0,237263-12.wav
3,205810-7.wav
4,125284-2.wav
2,559314-6.wav
1,321789-2.wav
0,351091-5.wav
0,217854-10.wav
2,382342-3.wav
2,190473-12.wav
4,544966-9.wav
0,323975-2.wav
2,313352-7.wav
2,562221-5.wav
2,310256-2.wav
2,351861-3.wav
1,503419-8.wav
1,321932-5.wav
3,111669-4.wav
2,310256-11.wav
1,321789-1.wav
2,138063-7.wav
2,322821-14.wav
3,565240-4.wav
2,479482-6.wav
0,109668-12.wav
3,111645-1.wav
1,321789-4.wav
1,334320-1.wav
2,446457-6.wav
0,173150-5.wav
1,18484-8.wav
3,368065-4.wav
4,235432-1.wav
2,14442-6.wav
4,372866-11.wav
0,473447-10.wav
0,323979-5.wav
1,542156-4.wav
0,493957-4.wav
2,34766-10.wav
3,408127-0.wav
2,367008-10.wav
2,469605-2.wav
4,11713-10.wav
2,351863-10.wav
3,134164-1.wav
3,393994-12.wav
1,13610-8.wav
4,175226-7.wav
3,132874-2.wav
4,544966-5.wav
0,351075-10.wav
2,103060-6.wav
4,560427-6.wav
0,217834-7.wav
0,408558-4.wav
4,564311-0.wav
4,474134-0.wav
0,306680-15.wav
3,62782-0.wav
1,413128-4.wav
0,217854-7.wav
1,21733-9.wav
1,413128-8.wav
1,541426-11.wav
4,412669-16.wav
3,393994-10.wav
4,367804-5.wav
4,165345-1.wav
3,426314-10.wav
1,321899-7.wav
1,470300-1.wav
0,408543-1.wav
1,130970-0.wav
3,111671-14.wav
3,133568-5.wav
1,58179-7.wav
1,559014-6.wav
2,408817-13.wav
1,14212-0.wav
2,407819-10.wav
3,393994-4.wav
3,420846-9.wav
2,190473-11.wav
0,451298-2.wav
4,235432-12.wav
2,97957-11.wav
3,282625-0.wav
3,388773-9.wav
4,125284-11.wav
4,109034-1.wav
3,561356-4.wav
3,306748-5.wav
4,302932-5.wav
2,406326-0.wav
4,13164-6.wav
0,217913-7.wav
1,542156-5.wav
2,468991-10.wav
3,269172-6.wav
2,165304-3.wav
1,172647-12.wav
1,321913-0.wav
3,325378-1.wav
1,321931-7.wav
3,111644-10.wav
3,408126-0.wav
2,97957-13.wav
0,351179-13.wav
1,321914-4.wav
0,544036-8.wav
3,125723-7.wav
3,363141-4.wav
1,334320-4.wav
4,467213-2.wav
3,288000-7.wav
1,364588-9.wav
2,564544-12.wav
1,321927-14.wav
4,235432-11.wav
0,217913-5.wav
0,217913-1.wav
2,313351-11.wav
4,185240-3.wav
4,235432-2.wav
3,103338-1.wav
1,321902-12.wav
2,375274-12.wav
4,474134-2.wav
3,111671-7.wav
2,563612-7.wav
1,469351-2.wav
1,54019-3.wav
1,469896-12.wav
3,142620-3.wav
2,103059-6.wav
3,175509-11.wav
1,312453-12.wav
0,408558-14.wav
1,321788-12.wav
2,423449-4.wav
3,500924-6.wav
4,559279-4.wav
0,351041-13.wav
1,58179-6.wav
1,321905-7.wav
3,500924-7.wav
1,343928-5.wav
2,322565-1.wav
1,552447-4.wav
3,483884-0.wav
4,109035-8.wav
0,173154-2.wav
2,97957-15.wav
3,388773-10.wav
2,165304-5.wav
3,132874-4.wav
2,382342-2.wav
1,34576-6.wav
1,14212-14.wav
1,321932-2.wav
3,235955-5.wav
2,319833-13.wav
3,420846-1.wav
3,551290-8.wav
0,89833-13.wav
4,460604-4.wav
2,416294-5.wav
2,446457-11.wav
0,217833-9.wav
2,165304-13.wav
3,225619-5.wav
3,62782-7.wav
3,434169-9.wav
3,561356-5.wav
2,562449-3.wav
1,21735-5.wav
4,143800-7.wav
0,237263-7.wav
1,13609-6.wav
0,104637-16.wav
2,483578-15.wav
0,217824-11.wav
4,165345-0.wav
1,21733-13.wav
1,34576-10.wav
4,211633-10.wav
4,185240-7.wav
3,309650-0.wav
2,165291-11.wav
1,172648-6.wav
1,469351-6.wav
4,190526-0.wav
4,313423-3.wav
1,131455-4.wav
4,20420-12.wav
3,493448-7.wav
1,538122-11.wav
4,445757-0.wav
1,321932-11.wav
1,351830-14.wav
0,451371-2.wav
4,190456-4.wav
2,322572-8.wav
1,14212-4.wav
1,563125-6.wav
4,412668-9.wav
2,129798-11.wav
4,190456-1.wav
4,408321-5.wav
1,552447-2.wav
0,217854-2.wav
2,70119-1.wav
4,140466-3.wav
2,406326-3.wav
4,11846-5.wav
3,309650-1.wav
4,196163-9.wav
1,321788-1.wav
3,393996-9.wav
1,232710-2.wav
1,563125-1.wav
3,362469-2.wav
0,351083-6.wav
4,363861-8.wav
3,128904-3.wav
1,21733-16.wav
4,415386-14.wav
3,434169-2.wav
4,412668-10.wav
1,14213-13.wav
3,111671-9.wav
4,415386-15.wav
1,138494-13.wav
3,420846-10.wav
4,375382-6.wav
0,451370-10.wav
3,366598-4.wav
4,11846-7.wav
1,321941-1.wav
3,125721-8.wav
0,351075-2.wav
3,480224-4.wav
4,362613-8.wav
3,408811-0.wav
3,393994-6.wav
1,541496-9.wav
0,351083-0.wav
3,128238-1.wav
0,217851-15.wav
0,351083-5.wav
4,470301-10.wav
3,327795-6.wav
3,111667-7.wav
2,294460-4.wav
2,368614-0.wav
1,179351-3.wav
1,321894-9.wav
3,235955-12.wav
0,217911-4.wav
0,473447-1.wav
0,22069-1.wav
2,172423-5.wav
4,412669-10.wav
2,190441-11.wav
3,78060-0.wav
2,479482-1.wav
4,205836-10.wav
4,469588-11.wav
0,417877-0.wav
3,111650-3.wav
1,58179-9.wav
4,489169-0.wav
4,140466-14.wav
1,34576-4.wav
2,416294-18.wav
2,351863-2.wav
0,22069-4.wav
3,111671-4.wav
4,418321-9.wav
0,351076-9.wav
0,557838-9.wav
2,367008-5.wav
3,327795-7.wav
2,322884-10.wav
1,321899-6.wav
1,184933-2.wav
3,111667-14.wav
1,18483-13.wav
2,320724-8.wav
1,538122-8.wav
2,394835-11.wav
3,481115-5.wav
2,313352-12.wav
2,165304-2.wav
4,489169-1.wav
1,138494-15.wav
2,165304-9.wav
2,351863-0.wav
4,463767-4.wav
2,423449-9.wav
1,13609-5.wav
4,71208-3.wav
0,351076-6.wav
4,467213-4.wav
4,542090-2.wav
4,412330-7.wav
4,564312-5.wav
4,18344-8.wav
3,111654-8.wav
0,351038-3.wav
1,172494-8.wav
3,358837-4.wav
3,490353-4.wav
2,13602-1.wav
4,367804-16.wav
0,306680-4.wav
4,11846-11.wav
3,235955-10.wav
2,537326-10.wav
3,134164-4.wav
3,565240-5.wav
0,89833-1.wav
2,175222-10.wav
1,321914-0.wav
1,319143-1.wav
4,143800-6.wav
3,325378-0.wav
3,366598-1.wav
2,563612-4.wav
0,89833-5.wav
2,178008-1.wav
1,54018-15.wav
2,384027-4.wav
0,351075-8.wav
3,111666-6.wav
0,178322-13.wav
4,82113-13.wav
0,323981-2.wav
3,111650-10.wav
1,131455-8.wav
0,173154-12.wav
2,383961-11.wav
2,322572-6.wav
2,446458-7.wav
0,172751-0.wav
1,269503-13.wav
3,490351-9.wav
3,142620-5.wav
0,351049-6.wav
1,321932-1.wav
1,321789-3.wav
3,125706-1.wav
1,321905-4.wav
4,183008-13.wav
2,469605-12.wav
2,320027-11.wav
3,189286-6.wav
2,394835-1.wav
4,233123-2.wav
4,470299-6.wav
2,138063-14.wav
2,468991-9.wav
2,322887-7.wav
4,466178-0.wav
1,545900-12.wav
3,549591-10.wav
0,451370-13.wav
4,169226-0.wav
4,165345-4.wav
4,220402-4.wav
3,125711-4.wav
1,312453-6.wav
1,13609-12.wav
4,474134-5.wav
3,102948-8.wav
2,367008-14.wav
4,460604-10.wav
2,294460-11.wav
1,470300-3.wav
0,205433-13.wav
3,483978-5.wav
3,408127-5.wav
4,165346-1.wav
1,406012-10.wav
0,469010-3.wav
3,205810-6.wav
0,451298-4.wav
4,559516-4.wav
2,375006-6.wav
2,128490-8.wav
2,309318-2.wav
2,309318-7.wav
3,76471-8.wav
3,125713-1.wav
3,149420-9.wav
2,190473-6.wav
3,105818-4.wav
3,434169-1.wav
2,129798-0.wav
1,469351-7.wav
4,542090-8.wav
3,483881-4.wav
1,312453-10.wav
1,416049-6.wav
2,394835-12.wav
2,165272-13.wav
1,321942-12.wav
1,343928-3.wav
1,357943-2.wav
1,321899-8.wav
3,103449-6.wav
4,367706-2.wav
0,544036-0.wav
4,362753-1.wav
4,408321-9.wav
2,96869-0.wav
3,483884-1.wav
3,376028-6.wav
1,13609-9.wav
3,306748-3.wav
2,322887-11.wav
2,406326-9.wav
2,322822-1.wav
4,140466-10.wav
1,538122-1.wav
1,538122-2.wav
4,483878-3.wav
1,57040-5.wav
2,563612-6.wav
2,564545-5.wav
4,20420-4.wav
2,368614-8.wav
2,165303-7.wav
4,190456-7.wav
3,306748-1.wav
4,415386-3.wav
3,388773-1.wav
0,61472-4.wav
0,469007-4.wav
2,368615-5.wav
1,18483-12.wav
1,13609-10.wav
3,235955-8.wav
0,217819-6.wav
3,105818-2.wav
3,103338-2.wav
4,370494-5.wav
1,552447-9.wav
3,111644-2.wav
4,564311-8.wav
0,12577-4.wav
4,220402-5.wav
2,269082-4.wav
3,175509-10.wav
0,212943-4.wav
2,319833-6.wav
3,393996-6.wav
4,474134-13.wav
1,179353-1.wav
2,78683-2.wav
1,536012-1.wav
0,173154-9.wav
1,172494-4.wav
0,173148-8.wav
0,22069-9.wav
4,470299-8.wav
1,232710-9.wav
1,14212-5.wav
3,282625-6.wav
4,125284-10.wav
1,321941-13.wav
1,559014-5.wav
1,557029-12.wav
4,325690-10.wav
3,128904-10.wav
1,312453-14.wav
2,406326-1.wav
0,351081-1.wav
0,61471-10.wav
0,351041-12.wav
2,322572-0.wav
1,394057-11.wav
1,334320-3.wav
0,217839-14.wav
1,477371-11.wav
4,372866-1.wav
2,190441-1.wav
3,480068-0.wav
4,412669-2.wav
2,175222-7.wav
2,563612-1.wav
3,551290-7.wav
2,375006-7.wav
1,542156-7.wav
1,172494-5.wav
2,351863-6.wav
1,321786-3.wav
2,13602-14.wav
4,20420-0.wav
0,321497-7.wav
2,479482-5.wav
1,541426-2.wav
1,18484-5.wav
3,142620-7.wav
1,321789-0.wav
1,321943-7.wav
0,451298-3.wav
4,523589-7.wav
4,109035-5.wav
4,325658-6.wav
3,490353-14.wav
4,190456-6.wav
3,149420-3.wav
0,323977-0.wav
1,542156-11.wav
4,363861-4.wav
3,493448-0.wav
3,111670-0.wav
3,483884-2.wav
2,562221-12.wav
3,269172-2.wav
3,408018-4.wav
4,125284-5.wav
3,179182-0.wav
2,294460-7.wav
3,282512-7.wav
2,483578-0.wav
0,351083-7.wav
1,503419-14.wav
4,190456-11.wav
4,183008-12.wav
2,78015-4.wav
4,412330-3.wav
4,564312-6.wav
0,269166-9.wav
3,111667-5.wav
3,366597-1.wav
4,317266-5.wav
2,322887-14.wav
4,372866-12.wav
1,559014-10.wav
1,269503-4.wav
2,129798-5.wav
0,217824-6.wav
1,57040-3.wav
1,172647-2.wav
3,500924-3.wav
4,375382-8.wav
2,14442-0.wav
0,351065-1.wav
0,408543-2.wav
1,14212-11.wav
1,317019-3.wav
1,321786-8.wav
4,72185-7.wav
3,483978-14.wav
3,111650-4.wav
3,375662-1.wav
2,322734-7.wav
4,185240-2.wav
2,375274-2.wav
0,243688-2.wav
0,351091-12.wav
0,212943-12.wav
4,564311-16.wav
2,178008-8.wav
0,351076-2.wav
0,351049-3.wav
4,183008-8.wav
0,217847-1.wav
0,323975-8.wav
2,309928-2.wav
1,321914-11.wav
1,321932-8.wav
4,220400-0.wav
3,480224-7.wav
4,370494-6.wav
2,468991-5.wav
1,170052-10.wav
0,89833-2.wav
1,321789-12.wav
1,312453-8.wav
0,15269-9.wav
1,489315-11.wav
3,481115-10.wav
0,323979-0.wav
0,173148-10.wav
3,125718-2.wav
3,480068-7.wav
4,409009-3.wav
0,178016-13.wav
1,269503-1.wav
3,125711-2.wav
0,332644-4.wav
3,388773-8.wav
4,169226-7.wav
4,140466-13.wav
4,233122-3.wav
2,375006-2.wav
2,165304-0.wav
2,483578-8.wav
1,57040-12.wav
4,418321-3.wav
1,54725-7.wav
1,232710-4.wav
1,21732-11.wav
2,320724-6.wav
0,217834-4.wav
3,111289-2.wav
4,233123-6.wav
0,173150-10.wav
1,321945-3.wav
0,173150-1.wav
3,195046-0.wav
3,142620-9.wav
4,362753-2.wav
4,356804-9.wav
0,323975-4.wav
2,562221-3.wav
4,559279-7.wav
2,338199-2.wav
1,321899-15.wav
1,351830-4.wav
3,144116-4.wav
4,363861-0.wav
0,217853-1.wav
3,358837-0.wav
2,322822-4.wav
4,470299-0.wav
0,173148-9.wav
4,489171-12.wav
2,394835-2.wav
4,466692-1.wav
2,129798-1.wav
3,111670-1.wav
1,357031-5.wav
4,412668-7.wav
0,89833-6.wav
4,190526-5.wav
4,109034-5.wav
0,212943-0.wav
0,172751-9.wav
1,34576-1.wav
4,317502-3.wav
2,562449-14.wav
1,18484-7.wav
4,54652-7.wav
1,394057-4.wav
2,562221-9.wav
0,323979-1.wav
0,351093-10.wav
0,15269-12.wav
0,217833-5.wav
3,565242-0.wav
2,383961-7.wav
4,564312-0.wav
3,129646-11.wav
1,545900-0.wav
2,483578-4.wav
2,138063-3.wav
4,12876-11.wav
3,246812-6.wav
3,375662-5.wav
1,406012-9.wav
4,362613-0.wav
2,103059-5.wav
1,62791-9.wav
0,104637-6.wav
1,321941-9.wav
0,486798-6.wav
0,104637-1.wav
2,307484-11.wav
4,412668-3.wav
0,237263-4.wav
1,13610-5.wav
1,321941-15.wav
0,323979-8.wav
3,129646-3.wav
3,142619-9.wav
2,165291-0.wav
3,246812-0.wav
1,172647-4.wav
3,408571-12.wav
1,172647-3.wav
4,470301-11.wav
4,138075-12.wav
4,233123-4.wav
1,54725-3.wav
3,480032-8.wav
4,317266-14.wav
1,413128-14.wav
4,445757-1.wav
0,61471-12.wav
4,165346-7.wav
1,563125-9.wav
4,220401-4.wav
4,362753-3.wav
2,13602-12.wav
0,325137-5.wav
2,294460-3.wav
3,408810-10.wav
4,564311-3.wav
0,243688-1.wav
0,104637-4.wav
3,121281-0.wav
0,14172-5.wav
3,408810-4.wav
3,36619-2.wav
3,111667-0.wav
2,165303-3.wav
3,465907-4.wav
0,451372-7.wav
4,469588-4.wav
2,103060-4.wav
4,190456-0.wav
0,451371-9.wav
1,172648-0.wav
2,367008-0.wav
3,288255-11.wav
3,423504-1.wav
3,134164-2.wav
3,78059-0.wav
2,178008-3.wav
3,111646-2.wav
4,165346-9.wav
1,21732-6.wav
0,486798-3.wav
1,534181-8.wav
3,490353-15.wav
1,312453-1.wav
2,78683-9.wav
2,375274-1.wav
1,321943-15.wav
4,71208-14.wav
4,321375-3.wav
3,62782-2.wav
1,54725-0.wav
0,217833-6.wav
1,477371-0.wav
1,321923-10.wav
0,61471-11.wav
4,54652-5.wav
2,34766-8.wav
3,205806-3.wav
1,351829-10.wav
0,217824-9.wav
0,451372-1.wav
3,246812-8.wav
2,14442-14.wav
2,165304-8.wav
0,351076-0.wav
1,62791-4.wav
3,125713-5.wav
0,217839-12.wav
3,128904-11.wav
2,322884-4.wav
0,451370-6.wav
0,351083-2.wav
1,57040-1.wav
4,12876-15.wav
3,128238-10.wav
1,18484-3.wav
2,190441-12.wav
4,169226-2.wav
1,406012-13.wav
2,309318-12.wav
4,483878-4.wav
1,321923-2.wav
1,54018-6.wav
4,463767-7.wav
0,172752-5.wav
4,408321-7.wav
4,367706-13.wav
3,376028-5.wav
3,425799-13.wav
2,103060-14.wav
1,334320-15.wav
1,321905-1.wav
3,121281-11.wav
4,363861-9.wav
0,178322-9.wav
3,557836-5.wav
2,177384-12.wav
4,205836-8.wav
3,111289-4.wav
3,235955-2.wav
1,54019-0.wav
0,480035-4.wav
4,211633-9.wav
1,413128-5.wav
0,408558-6.wav
4,563619-8.wav
2,384027-7.wav
4,183008-9.wav
2,322565-8.wav
4,460604-5.wav
3,175509-8.wav
2,416294-7.wav
1,172647-0.wav
4,325690-3.wav
0,351182-3.wav
3,125711-5.wav
0,178322-7.wav
4,467213-12.wav
4,564312-1.wav
2,313351-1.wav
4,12876-12.wav
0,173150-13.wav
0,451370-1.wav
1,321914-12.wav
3,490353-11.wav
0,323979-13.wav
4,356804-0.wav
4,563619-5.wav
3,483881-1.wav
4,325658-2.wav
3,111668-2.wav
2,165291-12.wav
1,232710-13.wav
4,324411-3.wav
3,500924-12.wav
4,412669-15.wav
1,321943-6.wav
4,302932-4.wav
2,446458-11.wav
3,325378-7.wav
2,319833-0.wav
1,321894-8.wav
1,536012-6.wav
4,408321-6.wav
0,217847-6.wav
3,111668-1.wav
0,323981-5.wav
0,14172-1.wav
2,406326-7.wav
3,149420-8.wav
2,325132-0.wav
2,338199-11.wav
2,383961-1.wav
2,394835-15.wav
1,413128-1.wav
0,493957-2.wav
0,321497-1.wav
4,564312-11.wav
1,54018-0.wav
1,321943-2.wav
3,143923-2.wav
0,217843-0.wav
4,18344-0.wav
3,481115-11.wav
2,205803-12.wav
1,192423-3.wav
3,179182-4.wav
3,368065-2.wav
2,322822-12.wav
3,434169-10.wav
2,351861-2.wav
2,313352-9.wav
2,407819-9.wav
3,483978-13.wav
0,351065-6.wav
3,111645-5.wav
2,483578-2.wav
4,211633-1.wav
3,205806-10.wav
3,121280-12.wav
2,406326-4.wav
3,325378-9.wav
3,480224-2.wav
4,20420-2.wav
2,14442-11.wav
2,178008-4.wav
1,321905-10.wav
4,143800-3.wav
3,111666-8.wav
2,128490-5.wav
0,269166-8.wav
3,128238-5.wav
1,14213-1.wav
2,165291-9.wav
3,103449-2.wav
2,103060-7.wav
1,232710-7.wav
1,557029-11.wav
1,192423-5.wav
0,544036-12.wav
4,20420-3.wav
3,288000-2.wav
3,111645-2.wav
0,493957-6.wav
0,178016-12.wav
1,470300-2.wav
3,358837-7.wav
2,367008-3.wav
2,500148-6.wav
2,367008-2.wav
3,111650-1.wav
4,362613-14.wav
4,18125-8.wav
3,76471-9.wav
4,469588-6.wav
3,481115-0.wav
2,368615-8.wav
4,412669-9.wav
4,483878-0.wav
3,483978-4.wav
1,321788-13.wav
3,408014-8.wav
3,384033-8.wav
3,111655-3.wav
3,78059-3.wav
1,170052-8.wav
2,14442-5.wav
2,537326-5.wav
3,189286-9.wav
3,111654-11.wav
2,446458-3.wav
1,54725-14.wav
1,54725-9.wav
0,217839-0.wav
3,142619-6.wav
2,479482-2.wav
3,483881-3.wav
4,82113-6.wav
3,111670-11.wav
2,375006-10.wav
1,317019-1.wav
3,76471-1.wav
0,351182-2.wav
2,294460-6.wav
2,103060-11.wav
2,103059-14.wav
2,500148-0.wav
4,466692-11.wav
2,483628-3.wav
3,469877-6.wav
4,372866-5.wav
3,128904-2.wav
3,246812-3.wav
3,111653-10.wav
2,464766-8.wav
3,549591-1.wav
1,269503-10.wav
3,393996-2.wav
1,503419-13.wav
1,541426-5.wav
4,169226-1.wav
4,13164-5.wav
3,205810-1.wav
0,217911-1.wav
2,483628-1.wav
0,351041-10.wav
0,89833-10.wav
1,319143-0.wav
3,111644-3.wav
2,322822-2.wav
4,415386-6.wav
3,477785-2.wav
0,15269-8.wav
0,351075-1.wav
2,177384-3.wav
1,321923-3.wav
3,288255-8.wav
0,217833-7.wav
3,320719-8.wav
2,563197-0.wav
2,103059-10.wav
2,446458-4.wav
3,125713-4.wav
0,217839-5.wav
1,351830-0.wav
1,469896-5.wav
3,388773-3.wav
4,71208-4.wav
4,367706-9.wav
1,321923-0.wav
1,469896-2.wav
1,545900-6.wav
4,409007-12.wav
3,129646-5.wav
2,96869-3.wav
0,205433-5.wav
4,470301-2.wav
3,493448-6.wav
4,470299-1.wav
1,321945-12.wav
4,343926-8.wav
0,217847-11.wav
0,178016-9.wav
3,205806-7.wav
1,18483-7.wav
3,125714-5.wav
4,409009-0.wav
4,196163-0.wav
1,364588-0.wav
4,474134-11.wav
2,351863-9.wav
3,111655-1.wav
3,557836-8.wav
3,179182-6.wav
1,477371-13.wav
3,483220-1.wav
2,177384-2.wav
1,489315-5.wav
0,351091-0.wav
3,111651-0.wav
3,111654-4.wav
2,408817-9.wav
3,111671-3.wav
1,269503-7.wav
0,243688-0.wav
1,351830-6.wav
3,172442-4.wav
0,217913-2.wav
3,76471-10.wav
0,323975-5.wav
2,269082-10.wav
1,58179-4.wav
2,309318-1.wav
3,477785-1.wav
1,357031-10.wav
2,559314-10.wav
0,269166-11.wav
3,288000-5.wav
3,133568-9.wav
3,288000-10.wav
4,451804-7.wav
0,12577-1.wav
0,217911-0.wav
1,57040-2.wav
2,394835-14.wav
1,172647-11.wav
4,445757-6.wav
3,128904-0.wav
3,480068-6.wav
3,142621-0.wav
4,409009-7.wav
4,325690-4.wav
3,111666-7.wav
3,181738-8.wav
2,320724-1.wav
0,178016-0.wav
1,139965-3.wav
0,332644-5.wav
1,534181-3.wav
0,408543-0.wav
1,170052-16.wav
2,562449-1.wav
1,184933-8.wav
4,367804-14.wav
4,412669-0.wav
4,370494-0.wav
2,446457-0.wav
1,170052-2.wav
1,54019-2.wav
1,192423-0.wav
1,423438-0.wav
1,357031-0.wav
2,408817-2.wav
3,358837-6.wav
4,412668-2.wav
1,321902-4.wav
1,321923-6.wav
2,563612-0.wav
4,220402-3.wav
2,382342-4.wav
2,408817-8.wav
1,21733-11.wav
2,384027-0.wav
3,408810-3.wav
4,367706-14.wav
4,451804-10.wav
2,13602-11.wav
4,190526-2.wav
2,14442-1.wav
0,178322-12.wav
4,412669-8.wav
2,310256-0.wav
1,13610-1.wav
2,564545-7.wav
1,321913-1.wav
3,142621-4.wav
1,559014-3.wav
2,563612-10.wav
2,564319-8.wav
1,321789-11.wav
1,321902-6.wav
0,323975-1.wav
1,54019-10.wav
4,489169-7.wav
2,500148-7.wav
1,534181-15.wav
2,375006-12.wav
1,499260-9.wav
1,351830-8.wav
4,408321-3.wav
1,552450-8.wav
0,469007-10.wav
0,109397-2.wav
1,14212-3.wav
0,351065-12.wav
1,321932-13.wav
1,58179-0.wav
3,111650-0.wav
0,451372-4.wav
3,408018-1.wav
1,489315-0.wav
0,178015-14.wav
4,175226-0.wav
3,288255-10.wav
1,321913-5.wav
1,503419-15.wav
4,233123-3.wav
0,323974-1.wav
4,362753-8.wav
3,144116-0.wav
3,128238-2.wav
4,470299-4.wav
3,429249-2.wav
3,111649-1.wav
2,408817-5.wav
3,325378-5.wav
3,551290-10.wav
0,351179-8.wav
2,322734-1.wav
2,338199-0.wav
1,423438-14.wav
4,235432-0.wav
3,465907-9.wav
0,306680-1.wav
3,269172-4.wav
2,132864-2.wav
4,466697-6.wav
0,205433-9.wav
0,217911-2.wav
3,128238-7.wav
3,480032-1.wav
2,479482-10.wav
0,351082-9.wav
3,111670-14.wav
0,557838-0.wav
3,393994-5.wav
3,393994-11.wav
3,121280-7.wav
3,306748-6.wav
1,433083-1.wav
2,468991-11.wav
1,321905-13.wav
4,367706-5.wav
2,322734-5.wav
1,376174-11.wav
4,409007-1.wav
1,21735-1.wav
0,306680-0.wav
4,367804-6.wav
2,500148-5.wav
1,172648-5.wav
1,172647-6.wav
4,466697-3.wav
1,21735-7.wav
0,217819-11.wav
2,319833-1.wav
3,125714-4.wav
4,220400-2.wav
2,310256-10.wav
0,321497-8.wav
3,111644-6.wav
1,334320-5.wav
0,269166-10.wav
2,382342-7.wav
1,232710-1.wav
2,178008-0.wav
3,195046-7.wav
3,111646-10.wav
2,103059-3.wav
4,313423-12.wav
1,319143-5.wav
1,14212-1.wav
2,205803-0.wav
4,233123-10.wav
2,190473-7.wav
4,166106-0.wav
0,217847-9.wav
1,351829-13.wav
3,144116-6.wav
1,130970-4.wav
0,217824-10.wav
0,269166-4.wav
4,372866-2.wav
1,357031-11.wav
0,217834-12.wav
2,269082-8.wav
1,13609-2.wav
3,111644-9.wav
3,225619-9.wav
3,429249-6.wav
1,413128-6.wav
4,82113-1.wav
4,373569-6.wav
1,172494-0.wav
2,375006-0.wav
4,409007-2.wav
3,125706-5.wav
3,111646-6.wav
2,367008-8.wav
4,321375-7.wav
4,367706-0.wav
3,500924-13.wav
4,370494-4.wav
4,140466-5.wav
4,382878-2.wav
3,434169-0.wav
1,34576-2.wav
4,470299-5.wav
0,173153-7.wav
0,323974-11.wav
4,143800-2.wav
3,483884-6.wav
4,489171-6.wav
1,552447-8.wav
1,321927-9.wav
2,70119-11.wav
2,322822-8.wav
1,18483-11.wav
4,82113-12.wav
4,466178-4.wav
3,320719-2.wav
1,470300-6.wav
0,217924-4.wav
1,232710-8.wav
1,321927-11.wav
0,178015-3.wav
2,423449-5.wav
1,499260-12.wav
0,217851-4.wav
0,217839-9.wav
3,18387-0.wav
3,78060-7.wav
4,11713-2.wav
0,178015-7.wav
3,128904-13.wav
2,320724-14.wav
3,558357-5.wav
2,269082-7.wav
2,351863-11.wav
1,58179-3.wav
3,189286-8.wav
1,499260-15.wav
0,469007-7.wav
4,109034-2.wav
3,420846-4.wav
4,18344-12.wav
1,321913-9.wav
0,325137-11.wav
0,351049-7.wav
4,560427-10.wav
0,451298-5.wav
1,503419-5.wav
4,409009-4.wav
1,21735-11.wav
1,321897-8.wav
2,322572-16.wav
1,269503-11.wav
2,103059-15.wav
0,173153-11.wav
3,429249-5.wav
1,321789-6.wav
2,375006-15.wav
0,104637-12.wav
3,429249-9.wav
2,103059-12.wav
2,165303-2.wav
4,11846-2.wav
1,469351-11.wav
4,564312-14.wav
4,466692-6.wav
2,394835-7.wav
0,61472-10.wav
1,21733-2.wav
1,552447-10.wav
3,565242-1.wav
3,282512-8.wav
0,323977-8.wav
3,134180-9.wav
0,217834-11.wav
4,470301-3.wav
1,321914-2.wav
4,559279-2.wav
0,172752-1.wav
3,366598-2.wav
1,343928-10.wav
1,13609-7.wav
4,137583-2.wav
4,18125-5.wav
2,294460-5.wav
4,317266-4.wav
3,121280-0.wav
1,321897-15.wav
3,205806-12.wav
1,14212-12.wav
2,464766-9.wav
0,351078-12.wav
4,382878-1.wav
2,384027-5.wav
1,13610-0.wav
2,132864-9.wav
1,54725-15.wav
4,564311-7.wav
3,111644-8.wav
2,423449-12.wav
0,351076-3.wav
4,18344-7.wav
1,321913-2.wav
3,362469-1.wav
1,321897-0.wav
3,73428-2.wav
3,408810-6.wav
4,165345-10.wav
1,13609-11.wav
2,351863-13.wav
3,551290-3.wav
3,111649-2.wav
3,235955-3.wav
1,321941-4.wav
3,193953-1.wav
2,309928-4.wav
1,54018-14.wav
0,351058-12.wav
2,96869-8.wav
2,322821-12.wav
2,78015-0.wav
4,466697-7.wav
1,21733-3.wav
4,165346-8.wav
2,78015-14.wav
3,111645-0.wav
4,317266-12.wav
4,464152-10.wav
0,269166-14.wav
0,351082-6.wav
2,320724-5.wav
3,558357-4.wav
1,21733-8.wav
4,190456-8.wav
2,97957-7.wav
4,367804-8.wav
1,321927-3.wav
1,538537-12.wav
0,217853-6.wav
2,320027-13.wav
4,363861-7.wav
3,111651-2.wav
3,490351-10.wav
0,217835-1.wav
4,18344-5.wav
2,469605-14.wav
1,503419-1.wav
1,14213-7.wav
0,451370-14.wav
1,394057-7.wav
2,310256-7.wav
0,480035-0.wav
4,220402-1.wav
1,321927-4.wav
4,109034-4.wav
1,13610-9.wav
2,165272-4.wav
4,460742-2.wav
4,469588-10.wav
2,313352-14.wav
2,322821-1.wav
4,18344-3.wav
3,73428-8.wav
3,426314-5.wav
2,408817-4.wav
1,321899-0.wav
4,54652-11.wav
2,310256-4.wav
4,140466-4.wav
1,54019-8.wav
1,321923-7.wav
0,351091-7.wav
3,429249-1.wav
2,165303-4.wav
3,327795-8.wav
2,269082-1.wav
2,190473-1.wav
4,143800-0.wav
3,111654-6.wav
3,483978-3.wav
2,320724-13.wav
3,393994-1.wav
3,129646-8.wav
2,103060-10.wav
2,564545-10.wav
1,54725-16.wav
0,104637-11.wav
2,165304-7.wav
0,172752-11.wav
1,34576-8.wav
3,111671-0.wav
0,351065-11.wav
0,408558-1.wav
4,54652-4.wav
0,451370-3.wav
2,190473-8.wav
0,89833-4.wav
2,78683-4.wav
2,309928-3.wav
4,544966-0.wav
1,321894-2.wav
3,561356-2.wav
3,133566-11.wav
0,351065-3.wav
1,343928-8.wav
2,375274-6.wav
1,364588-2.wav
1,170052-12.wav
4,205836-0.wav
2,14442-12.wav
3,557836-1.wav
0,351049-0.wav
3,111651-1.wav
1,433083-9.wav
3,393996-10.wav
4,172437-9.wav
2,165291-13.wav
3,363141-5.wav
3,111670-8.wav
3,312736-9.wav
4,563619-4.wav
2,406326-10.wav
3,111668-9.wav
3,381568-0.wav
3,306748-7.wav
1,321942-2.wav
4,474134-7.wav
4,220401-10.wav
4,172437-2.wav
4,11713-16.wav
2,13602-2.wav
3,327795-0.wav
1,477371-6.wav
3,480224-0.wav
1,552450-10.wav
4,563619-10.wav
0,178015-11.wav
3,269172-7.wav
1,503419-12.wav
0,217835-10.wav
3,111654-0.wav
3,134180-0.wav
4,211633-4.wav
4,367804-12.wav
0,15269-4.wav
1,406012-5.wav
1,54725-5.wav
0,493957-5.wav
2,479482-8.wav
4,235432-3.wav
0,332644-6.wav
2,563197-9.wav
1,317019-5.wav
2,322887-9.wav
3,557836-3.wav
1,192423-4.wav
0,217854-0.wav
0,14172-4.wav
2,469605-15.wav
1,21733-15.wav
1,321897-2.wav
0,451371-7.wav
3,362470-4.wav
0,351091-6.wav
0,205433-4.wav
4,317266-6.wav
2,563197-5.wav
0,12578-0.wav
1,319143-2.wav
4,165345-5.wav
2,190441-6.wav
3,103449-8.wav
3,386586-1.wav
4,469588-5.wav
3,500924-5.wav
0,217854-6.wav
0,351081-10.wav
1,21735-15.wav
2,132864-0.wav
1,321941-12.wav
1,541496-5.wav
4,324411-6.wav
3,18387-2.wav
0,451298-1.wav
0,89833-9.wav
3,125713-6.wav
2,537326-3.wav
0,351078-5.wav
0,351058-1.wav
0,469007-6.wav
0,217835-11.wav
1,489315-1.wav
2,129798-10.wav
1,351831-4.wav
4,460742-6.wav
4,54652-8.wav
3,480032-2.wav
4,415386-10.wav
1,351829-0.wav
4,183008-5.wav
4,18125-0.wav
0,217843-2.wav
3,183355-2.wav
3,205810-9.wav
0,493957-1.wav
1,192423-11.wav
0,323974-10.wav
3,18387-6.wav
0,269166-0.wav
1,321945-11.wav
3,111644-5.wav
1,538537-11.wav
1,469351-1.wav
4,220401-2.wav
2,325132-4.wav
3,549591-11.wav
0,61472-8.wav
3,103449-5.wav
3,18387-3.wav
3,368065-1.wav
2,351861-0.wav
3,132874-1.wav
4,12876-9.wav
0,217851-1.wav
0,217839-13.wav
3,125718-5.wav
4,463767-12.wav
2,34766-3.wav
1,131455-1.wav
2,103059-9.wav
4,409007-10.wav
1,343928-13.wav
0,217839-6.wav
2,500148-1.wav
4,220400-6.wav
1,57040-0.wav
0,217835-0.wav
3,121280-3.wav
4,382878-0.wav
3,358837-5.wav
1,351829-3.wav
4,71208-8.wav
2,559314-9.wav
4,302932-13.wav
1,357031-9.wav
2,564324-11.wav
3,384033-5.wav
2,310256-1.wav
2,177384-7.wav
0,351075-5.wav
2,564319-10.wav
3,366597-0.wav
4,564311-11.wav
4,185240-5.wav
3,480224-10.wav
4,54652-10.wav
3,549591-6.wav
3,465907-5.wav
0,351081-13.wav
2,190473-4.wav
4,415386-7.wav
1,541496-6.wav
1,13609-3.wav
3,125718-6.wav
3,320469-6.wav
3,309650-8.wav
0,451372-10.wav
1,542156-2.wav
4,467213-8.wav
3,363141-1.wav
1,541426-1.wav
3,111651-10.wav
2,322887-8.wav
3,376028-1.wav
4,140466-12.wav
2,78683-0.wav
0,351041-8.wav
3,195046-5.wav
0,323979-7.wav
0,351049-2.wav
0,61471-1.wav
2,165291-4.wav
3,477785-4.wav
1,321943-4.wav
4,235432-5.wav
3,557836-4.wav
0,205433-7.wav
4,54652-9.wav
2,322734-8.wav
1,321899-3.wav
0,469010-10.wav
1,170052-7.wav
4,460742-5.wav
3,78059-7.wav
2,205803-11.wav
3,111655-2.wav
4,166106-1.wav
4,175226-1.wav
2,97957-6.wav
2,564319-2.wav
4,415386-17.wav
3,481115-1.wav
4,466692-8.wav
3,18387-1.wav
3,408571-2.wav
2,165292-8.wav
2,309318-0.wav
1,21735-14.wav
3,183355-4.wav
4,175226-11.wav
4,483878-6.wav
3,388773-5.wav
3,129646-1.wav
1,321897-7.wav
4,20420-7.wav
3,111287-4.wav
4,463767-3.wav
4,11846-0.wav
3,393994-2.wav
1,536012-0.wav
3,129646-0.wav
1,545900-7.wav
4,109035-6.wav
1,57040-6.wav
3,565242-2.wav
2,564324-1.wav
4,125284-9.wav
2,368614-4.wav
1,552450-1.wav
1,394057-5.wav
0,417877-6.wav
1,541426-6.wav
2,483628-2.wav
0,323974-5.wav
2,190441-4.wav
0,217824-7.wav
2,367008-12.wav
3,111671-8.wav
3,195046-9.wav
2,313352-11.wav
0,217835-7.wav
0,269166-16.wav
4,474134-1.wav
3,133566-8.wav
0,178015-10.wav
3,336819-15.wav
3,235955-11.wav
4,235432-6.wav
0,104637-5.wav
4,324411-4.wav
2,464766-11.wav
3,111650-2.wav
4,13164-3.wav
4,302932-0.wav
4,220402-2.wav
0,351091-3.wav
4,185240-9.wav
4,235432-9.wav
4,325690-8.wav
2,368615-2.wav
2,132864-1.wav
1,62791-5.wav
3,309650-7.wav
2,309928-6.wav
0,61471-6.wav
4,466692-4.wav
4,542090-6.wav
2,367008-9.wav
4,138075-4.wav
3,408571-4.wav
3,195046-10.wav
2,383961-15.wav
3,434169-6.wav
0,351078-4.wav
1,321931-1.wav
3,103449-0.wav
1,552450-6.wav
3,195046-4.wav
2,479482-7.wav
3,469877-0.wav
3,363141-2.wav
3,551290-12.wav
0,217835-2.wav
3,462899-10.wav
3,408810-8.wav
4,412330-4.wav
1,321931-9.wav
0,351049-9.wav
0,351041-9.wav
2,322565-2.wav
4,175226-3.wav
4,54652-0.wav
3,363142-2.wav
0,351081-6.wav
1,416049-10.wav
3,125706-3.wav
1,172647-1.wav
3,288000-9.wav
3,336819-4.wav
3,205810-0.wav
3,558357-8.wav
3,557836-6.wav
1,376174-12.wav
0,417877-3.wav
4,363861-6.wav
0,217913-6.wav
0,351082-0.wav
4,451804-8.wav
0,351078-0.wav
1,321899-2.wav
3,189286-10.wav
1,321943-10.wav
3,36619-5.wav
1,321931-3.wav
3,282625-7.wav
1,413128-10.wav
4,367804-13.wav
3,132874-0.wav
2,564544-2.wav
3,149420-4.wav
4,460742-1.wav
0,173153-5.wav
2,78683-6.wav
2,416294-4.wav
2,165291-5.wav
0,544036-3.wav
4,82113-0.wav
1,364588-16.wav
2,564319-4.wav
4,205836-9.wav
4,233123-11.wav
2,383961-5.wav
3,480068-5.wav
2,367008-7.wav
4,367804-3.wav
0,486798-12.wav
1,321905-0.wav
4,205836-7.wav
0,178015-9.wav
2,103060-0.wav
1,499260-0.wav
3,408018-6.wav
1,179353-3.wav
0,173154-8.wav
4,140466-6.wav
3,103449-4.wav
1,321788-0.wav
1,321943-0.wav
2,416294-8.wav
0,217835-9.wav
1,321941-2.wav
0,217833-3.wav
4,183008-1.wav
1,364588-4.wav
4,302932-7.wav
4,375382-3.wav
1,538122-0.wav
4,20420-8.wav
3,312736-0.wav
4,324411-5.wav
4,54652-6.wav
2,375274-9.wav
1,269503-9.wav
0,217924-1.wav
2,468991-8.wav
2,368614-10.wav
0,351058-0.wav
3,131646-5.wav
3,125721-7.wav
4,109035-0.wav
3,134164-0.wav
0,89833-12.wav
0,89833-14.wav
2,78683-3.wav
1,321932-12.wav
3,483978-1.wav
4,464152-3.wav
4,233122-0.wav
0,172751-6.wav
1,321906-11.wav
3,480068-9.wav
2,367008-6.wav
1,62791-16.wav
3,386586-6.wav
1,423438-8.wav
2,483578-14.wav
0,61471-0.wav
2,313351-0.wav
2,103060-3.wav
1,334320-8.wav
4,467213-9.wav
4,13164-8.wav
2,177384-10.wav
4,464152-1.wav
4,409007-11.wav
2,338199-8.wav
3,480224-1.wav
2,564319-1.wav
4,183008-11.wav
3,408571-8.wav
1,170052-13.wav
0,217839-1.wav
3,483978-8.wav
1,172494-9.wav
4,559516-10.wav
4,325658-1.wav
0,351179-6.wav
4,362613-5.wav
2,383961-14.wav
1,351830-15.wav
3,103338-0.wav
2,469605-3.wav
3,363142-8.wav
4,415386-5.wav
3,408014-9.wav
4,466697-12.wav
3,480032-7.wav
0,351093-0.wav
3,144116-1.wav
4,54652-2.wav
0,323975-0.wav
2,177384-4.wav
3,393996-5.wav
1,534181-9.wav
4,469588-9.wav
4,466178-7.wav
2,178008-2.wav
0,172752-0.wav
4,412330-1.wav
4,11713-3.wav
0,469007-3.wav
0,451298-8.wav
4,564311-4.wav
1,351829-5.wav
4,362613-1.wav
0,14172-3.wav
0,321497-4.wav
3,128904-6.wav
0,351179-7.wav
4,196163-5.wav
2,97957-14.wav
1,34576-0.wav
3,121281-8.wav
0,351065-4.wav
0,332644-3.wav
1,54725-1.wav
0,451372-13.wav
3,102948-1.wav
1,321945-1.wav
1,477371-10.wav
2,205803-13.wav
4,220402-7.wav
4,418321-4.wav
3,144116-3.wav
2,375274-4.wav
0,408558-11.wav
3,381570-8.wav
4,460742-3.wav
3,105818-3.wav
1,321927-7.wav
4,82113-2.wav
3,363142-0.wav
4,109034-9.wav
4,412669-3.wav
2,96869-7.wav
4,12876-3.wav
0,173154-3.wav
3,142620-6.wav
4,125284-6.wav
2,446458-5.wav
4,220402-10.wav
0,217839-7.wav
3,185605-0.wav
0,178016-1.wav
3,73428-4.wav
4,415386-11.wav
4,233122-7.wav
0,451371-14.wav
1,321927-2.wav
4,542090-4.wav
1,54019-9.wav
4,140466-16.wav
1,489315-6.wav
2,322887-12.wav
4,564311-10.wav
1,534181-10.wav
4,72185-11.wav
3,128238-8.wav
1,503419-4.wav
1,557029-5.wav
1,14213-10.wav
1,321941-3.wav
1,54725-4.wav
2,483578-16.wav
4,523589-6.wav
0,451370-7.wav
4,373569-7.wav
2,322887-1.wav
3,62782-8.wav
3,386586-2.wav
1,321897-10.wav
3,111651-9.wav
1,321913-8.wav
1,321894-15.wav
1,433083-3.wav
3,62782-3.wav
3,246812-5.wav
3,181738-6.wav
2,446458-9.wav
3,121280-10.wav
2,562449-12.wav
0,323979-9.wav
4,542090-5.wav
1,545900-8.wav
3,363142-1.wav
0,351083-10.wav
4,175226-4.wav
1,406012-3.wav
0,237263-14.wav
1,321905-6.wav
1,21733-0.wav
3,18388-4.wav
1,489315-13.wav
3,131646-1.wav
3,408811-6.wav
3,129646-9.wav
2,368615-16.wav
1,321894-0.wav
3,565242-6.wav
4,143800-1.wav
2,564324-0.wav
3,309650-3.wav
3,78059-6.wav
1,321906-6.wav
4,451804-0.wav
3,408571-5.wav
4,71208-12.wav
2,322572-3.wav
3,205810-2.wav
3,111644-11.wav
0,325137-2.wav
2,423449-10.wav
2,407819-11.wav
2,483628-14.wav
4,109035-2.wav
1,13610-3.wav
2,562221-13.wav
4,464152-6.wav
4,343926-6.wav
2,97957-3.wav
4,560427-4.wav
4,412668-6.wav
1,499260-10.wav
3,105818-8.wav
2,368614-1.wav
2,368614-3.wav
4,172437-10.wav
4,313423-13.wav
0,15270-0.wav
2,338199-6.wav
1,321897-4.wav
2,564319-13.wav
1,557029-9.wav
1,351831-0.wav
0,61471-2.wav
1,394057-12.wav
3,408571-0.wav
1,138494-16.wav
2,322887-2.wav
1,321905-12.wav
2,97957-1.wav
2,78015-13.wav
1,416049-4.wav
3,288255-0.wav
0,557838-17.wav
3,483881-7.wav
4,233122-1.wav
2,367008-16.wav
0,351041-11.wav
1,172648-3.wav
2,322884-0.wav
1,321899-9.wav
0,306680-6.wav
3,558357-0.wav
3,185605-3.wav
3,363142-5.wav
2,313352-0.wav
0,217853-10.wav
4,464152-12.wav
1,538122-9.wav
1,563125-2.wav
0,217819-1.wav
1,172494-11.wav
1,364588-13.wav
4,220401-1.wav
2,78683-11.wav
0,178016-6.wav
1,172648-10.wav
2,563197-1.wav
3,125714-0.wav
2,322884-1.wav
2,564319-0.wav
1,62791-6.wav
2,406326-11.wav
2,313351-10.wav
3,185605-2.wav
1,321941-10.wav
2,563612-12.wav
4,211633-11.wav
0,173148-3.wav
3,121281-7.wav
0,351179-0.wav
0,217911-5.wav
2,563197-3.wav
0,12577-10.wav
4,367706-6.wav
2,383961-12.wav
4,489169-9.wav
3,133566-2.wav
0,15269-0.wav
1,138494-5.wav
3,561356-7.wav
2,70119-12.wav
1,406012-2.wav
0,351179-9.wav
4,367706-1.wav
1,170052-5.wav
3,358837-10.wav
0,173148-11.wav
0,172752-15.wav
3,185605-1.wav
3,426314-4.wav
3,111671-1.wav
1,413128-11.wav
3,195046-6.wav
4,470301-5.wav
1,416049-7.wav
0,173153-12.wav
1,541496-4.wav
0,351082-7.wav
0,480035-12.wav
0,451371-6.wav
1,541426-9.wav
1,321945-14.wav
2,564324-4.wav
0,217834-6.wav
0,351041-6.wav
4,483878-5.wav
1,321945-10.wav
2,103059-8.wav
2,34766-4.wav
4,166106-3.wav
2,562449-4.wav
1,317019-0.wav
0,351058-7.wav
0,480035-3.wav
0,323979-6.wav
3,111650-5.wav
4,559279-9.wav
3,288000-0.wav
3,393996-4.wav
1,357943-0.wav
0,351182-0.wav
4,137583-0.wav
4,373569-1.wav
0,15269-11.wav
4,190526-8.wav
3,103339-1.wav
2,394835-13.wav
1,537579-9.wav
3,133566-4.wav
3,111666-4.wav
4,544966-1.wav
2,320724-15.wav
3,205806-6.wav
1,321923-9.wav
1,343928-7.wav
1,179351-6.wav
3,111667-10.wav
1,469351-10.wav
0,217839-8.wav
4,165346-12.wav
0,61472-5.wav
2,322572-10.wav
0,172751-1.wav
3,111669-1.wav
3,102948-4.wav
2,319833-15.wav
2,322565-13.wav
3,125717-1.wav
1,351831-7.wav
2,178008-9.wav
4,489171-1.wav
1,351830-3.wav
0,217924-2.wav
2,564545-13.wav
2,416294-10.wav
3,235955-7.wav
0,323977-2.wav
0,173148-7.wav
2,165272-7.wav
3,408126-3.wav
3,111649-8.wav
0,217834-3.wav
3,320719-0.wav
3,133568-2.wav
4,356804-8.wav
4,564311-1.wav
3,490353-12.wav
0,12578-2.wav
0,351093-4.wav
2,468991-7.wav
3,78060-1.wav
0,12577-2.wav
0,173150-4.wav
2,468991-12.wav
4,489169-8.wav
3,143923-5.wav
3,325378-2.wav
4,464152-11.wav
2,322822-14.wav
0,212943-6.wav
1,552447-7.wav
1,470300-0.wav
1,18483-8.wav
1,179351-10.wav
1,317019-7.wav
3,426314-1.wav
0,351065-5.wav
3,143923-3.wav
2,322572-15.wav
3,125717-0.wav
2,96869-4.wav
4,559516-11.wav
1,351830-13.wav
1,351830-5.wav
1,319143-14.wav
3,469877-9.wav
1,172648-4.wav
1,321906-9.wav
3,312736-1.wav
1,559014-14.wav
3,73428-7.wav
0,269166-2.wav
0,408558-2.wav
2,165292-11.wav
1,319143-15.wav
1,489315-14.wav
3,312736-6.wav
2,562449-0.wav
4,313423-5.wav
1,394057-8.wav
1,321789-5.wav
4,564311-2.wav
2,322821-2.wav
2,165292-3.wav
0,237263-10.wav
2,320724-10.wav
2,322821-5.wav
3,111667-1.wav
0,173148-2.wav
2,563612-9.wav
2,205803-10.wav
2,190473-0.wav
3,423504-4.wav
3,133568-10.wav
0,351093-2.wav
0,205433-3.wav
3,500924-1.wav
1,477371-1.wav
4,72185-10.wav
3,490351-0.wav
3,408014-1.wav
0,351049-4.wav
0,217854-4.wav
1,416049-0.wav
3,111644-0.wav
3,363141-8.wav
0,173154-5.wav
2,500148-13.wav
1,357031-7.wav
1,357943-11.wav
2,165303-11.wav
1,317019-4.wav
1,364588-17.wav
3,125714-10.wav
2,320724-4.wav
0,212943-3.wav
1,394057-9.wav
4,190526-4.wav
1,138494-3.wav
4,382878-10.wav
2,446458-0.wav
1,321786-1.wav
4,415386-9.wav
0,451298-7.wav
4,313423-6.wav
3,565240-7.wav
1,184933-6.wav
0,217924-8.wav
4,185240-11.wav
1,534181-1.wav
0,473447-6.wav
1,321923-4.wav
2,70119-9.wav
0,217913-0.wav
3,128238-6.wav
0,323981-4.wav
1,54019-17.wav
1,499260-14.wav
3,133568-1.wav
2,190441-0.wav
0,178322-3.wav
0,237263-13.wav
1,321943-11.wav
4,196163-8.wav
4,483878-10.wav
3,309650-5.wav
3,125721-1.wav
2,464766-5.wav
2,13602-13.wav
0,217819-13.wav
3,121281-10.wav
0,104637-13.wav
0,15270-3.wav
0,306680-5.wav
0,178015-12.wav
4,169226-6.wav
1,172648-14.wav
4,409009-6.wav
1,406012-4.wav
4,489171-10.wav
0,61472-0.wav
1,423438-1.wav
0,12578-7.wav
0,473447-7.wav
1,21733-5.wav
3,111644-4.wav
3,408126-9.wav
4,324411-12.wav
4,20420-6.wav
2,165292-5.wav
2,138063-1.wav
2,78015-15.wav
1,541496-3.wav
0,243688-3.wav
4,469588-2.wav
0,351182-5.wav
2,407819-4.wav
0,217843-6.wav
1,477371-5.wav
1,192423-7.wav
2,423449-0.wav
1,538122-3.wav
4,415386-1.wav
4,11713-15.wav
3,366597-7.wav
2,138063-0.wav
3,125721-9.wav
0,351065-10.wav
3,131649-2.wav
1,170052-1.wav
1,321897-6.wav
4,165346-4.wav
1,489315-12.wav
0,172751-4.wav
1,321894-4.wav
3,134164-9.wav
1,351829-1.wav
4,138075-0.wav
1,130970-5.wav
4,317502-9.wav
2,128490-6.wav
2,138063-9.wav
1,54019-12.wav
1,321927-10.wav
3,551290-2.wav
2,165272-1.wav
0,173150-12.wav
0,14172-2.wav
2,483628-5.wav
3,408014-0.wav
2,138063-2.wav
2,464766-3.wav
4,564312-9.wav
3,465907-6.wav
4,408321-1.wav
2,322884-2.wav
2,537326-2.wav
3,381570-2.wav
3,111653-1.wav
4,138075-5.wav
0,22069-6.wav
3,469877-1.wav
4,460742-9.wav
0,351065-8.wav
3,175509-5.wav
1,321894-6.wav
1,321786-6.wav
1,433083-12.wav
1,319143-7.wav
3,312736-2.wav
2,322734-3.wav
2,205803-6.wav
1,321899-12.wav
3,142619-7.wav
1,489315-10.wav
4,418321-0.wav
1,394057-0.wav
3,105818-6.wav
4,166106-6.wav
2,322887-13.wav
0,351082-3.wav
3,179182-2.wav
1,179353-0.wav
0,109668-3.wav
0,325137-10.wav
0,217853-4.wav
3,408571-9.wav
3,121280-4.wav
3,111671-12.wav
3,483978-12.wav
4,464152-8.wav
1,343928-2.wav
3,111287-5.wav
3,111650-7.wav
3,111644-1.wav
0,173153-2.wav
3,282625-5.wav
0,451372-11.wav
0,212943-1.wav
2,368615-0.wav
0,172751-3.wav
3,235955-1.wav
0,237263-5.wav
0,217851-5.wav
4,18344-1.wav
2,483578-1.wav
2,138063-15.wav
4,317502-12.wav
3,183355-0.wav
1,321942-1.wav
2,34766-2.wav
3,549591-2.wav
0,61471-7.wav
2,563197-6.wav
0,325137-1.wav
1,503419-7.wav
1,321942-11.wav
1,469896-9.wav
2,322822-9.wav
4,464152-5.wav
2,138063-8.wav
3,172442-1.wav
3,425799-8.wav
4,109034-10.wav
4,483878-7.wav
2,322734-2.wav
0,544036-13.wav
1,21735-10.wav
2,322565-0.wav
2,322887-5.wav
2,464766-4.wav
0,351091-10.wav
0,217851-6.wav
1,321902-11.wav
1,376174-10.wav
3,423504-6.wav
0,408558-9.wav
1,13609-15.wav
1,321942-9.wav
1,357943-8.wav
0,173148-12.wav
3,482639-8.wav
1,312453-13.wav
3,111655-10.wav
1,351829-4.wav
1,184933-9.wav
4,463767-6.wav
4,140466-2.wav
1,130970-8.wav
2,320027-6.wav
3,111670-9.wav
0,172752-6.wav
1,18484-11.wav
2,559314-1.wav
3,111649-9.wav
2,322884-8.wav
2,382342-6.wav
3,111666-1.wav
1,321943-5.wav
0,323974-6.wav
2,129798-13.wav
3,121281-2.wav
2,446458-12.wav
2,322822-10.wav
3,320469-4.wav
0,469010-1.wav
4,317266-8.wav
3,561356-6.wav
1,21733-12.wav
2,128490-9.wav
2,322887-0.wav
0,557838-15.wav
1,54018-3.wav
4,137583-4.wav
0,217824-3.wav
2,165304-16.wav
1,433083-13.wav
3,125711-7.wav
1,321943-9.wav
1,21733-10.wav
1,321902-5.wav
1,54019-5.wav
4,175226-5.wav
2,479482-11.wav
0,351038-6.wav
2,165272-6.wav
1,321786-5.wav
2,500148-12.wav
1,139965-1.wav
1,192423-13.wav
3,111287-1.wav
4,137583-6.wav
4,137583-11.wav
3,465907-0.wav
1,179351-2.wav
2,368614-13.wav
4,466697-4.wav
3,125713-12.wav
4,233122-2.wav
2,70119-6.wav
1,21735-13.wav
0,351182-7.wav
4,317502-13.wav
2,190473-2.wav
0,217843-3.wav
0,351082-10.wav
1,54019-18.wav
3,111651-4.wav
3,327795-9.wav
1,172648-1.wav
2,375006-14.wav
1,321788-10.wav
1,170052-11.wav
2,165292-4.wav
4,166106-2.wav
4,373569-0.wav
4,489169-11.wav
3,125713-8.wav
2,408817-3.wav
2,319833-17.wav
3,149420-7.wav
4,324411-13.wav
1,172647-9.wav
3,128238-0.wav
2,559314-12.wav
0,217847-5.wav
1,343928-0.wav
1,54019-6.wav
1,321789-9.wav
0,323977-12.wav
0,173153-10.wav
1,321894-14.wav
0,451298-6.wav
3,408018-8.wav
3,205806-15.wav
1,321945-13.wav
1,351830-7.wav
2,322821-6.wav
1,351829-12.wav
4,220400-1.wav
0,332644-0.wav
1,413128-7.wav
2,190473-13.wav
4,190456-10.wav
1,321943-16.wav
3,111653-8.wav
1,321932-4.wav
1,18483-3.wav
0,323979-11.wav
2,322565-12.wav
1,557029-8.wav
3,181738-0.wav
2,310256-5.wav
3,408810-1.wav
0,351076-7.wav
1,321931-2.wav
3,408571-6.wav
1,192423-2.wav
0,351078-8.wav
3,18387-10.wav
2,319833-7.wav
1,499260-8.wav
2,382342-1.wav
0,217847-3.wav
4,325690-1.wav
2,483628-0.wav
4,560427-0.wav
1,321906-1.wav
4,109035-9.wav
0,351081-0.wav
4,363861-10.wav
1,321906-2.wav
3,381570-0.wav
1,321923-11.wav
1,469896-0.wav
1,184933-15.wav
3,408810-2.wav
2,322821-7.wav
0,351078-7.wav
3,125713-3.wav
4,451804-2.wav
4,12876-1.wav
2,322822-11.wav
3,549591-0.wav
2,322572-7.wav
3,105818-10.wav
4,220401-7.wav
4,375382-12.wav
3,125713-15.wav
2,338199-12.wav
4,489171-8.wav
3,384033-4.wav
1,172494-1.wav
3,128904-7.wav
4,220400-5.wav
4,72185-0.wav
1,21733-6.wav
0,22069-3.wav
1,321902-2.wav
2,483578-7.wav
0,217913-10.wav
4,564312-2.wav
3,388773-2.wav
3,125717-13.wav
2,375274-3.wav
0,212943-13.wav
0,351093-9.wav
4,18344-6.wav
1,321942-4.wav
4,382878-4.wav
0,217843-9.wav
2,500148-10.wav
4,542090-14.wav
1,179353-7.wav
1,13609-13.wav
1,499260-7.wav
4,483878-9.wav
4,367804-0.wav
4,418321-10.wav
0,14172-6.wav
1,499260-3.wav
2,34766-0.wav
2,97957-5.wav
0,15270-6.wav
0,323974-3.wav
3,384033-2.wav
3,388773-6.wav
1,394057-10.wav
1,58179-10.wav
0,178322-0.wav
1,321943-14.wav
3,134180-4.wav
0,61471-13.wav
2,322821-11.wav
2,483628-7.wav
3,320469-5.wav
3,131646-7.wav
1,57040-9.wav
0,323979-4.wav
2,368615-4.wav
0,351083-12.wav
4,408321-10.wav
3,134164-7.wav
4,71208-10.wav
2,382342-12.wav
1,179351-5.wav
0,217843-1.wav
3,142619-4.wav
0,104637-0.wav
3,111287-0.wav
1,541426-13.wav
0,351082-2.wav
1,179351-11.wav
3,111671-6.wav
4,220401-11.wav
1,537579-11.wav
3,125711-12.wav
3,225619-10.wav
3,469877-4.wav
4,467213-14.wav
0,173153-13.wav
4,302932-14.wav
4,71208-5.wav
0,173154-13.wav
0,486798-8.wav
3,111668-10.wav
4,205836-1.wav
1,21732-2.wav
1,170052-14.wav
4,233123-7.wav
4,190456-9.wav
0,217924-11.wav
1,357943-10.wav
1,54725-13.wav
4,233122-5.wav
1,14212-7.wav
2,78015-5.wav
2,70119-2.wav
4,367804-2.wav
4,367706-8.wav
3,362469-6.wav
4,564312-10.wav
1,192423-8.wav
2,97957-0.wav
1,545900-1.wav
3,483884-9.wav
1,552447-0.wav
4,362613-12.wav
1,139965-4.wav
1,563125-3.wav
1,343928-14.wav
1,321906-7.wav
4,11846-12.wav
4,138075-3.wav
4,418321-1.wav
4,343926-1.wav
3,366597-2.wav
3,362470-2.wav
4,466178-2.wav
1,321902-1.wav
2,165291-10.wav
4,470299-2.wav
3,336819-6.wav
2,351863-1.wav
1,184933-16.wav
4,72185-3.wav
4,11846-4.wav
2,190473-14.wav
4,233123-5.wav
0,323974-7.wav
2,537326-9.wav
3,111669-7.wav
4,183008-7.wav
2,97957-17.wav
1,541426-14.wav
4,466692-12.wav
3,425799-1.wav
4,375382-4.wav
0,61471-4.wav
1,343928-1.wav
1,172648-7.wav
2,129798-14.wav
0,104637-14.wav
3,465907-1.wav
2,322821-15.wav
3,205806-11.wav
1,469896-4.wav
4,362613-6.wav
2,13602-9.wav
1,334320-9.wav
3,125711-10.wav
3,183355-6.wav
0,480035-1.wav
1,321932-3.wav
2,322884-5.wav
1,538537-13.wav
2,190441-15.wav
3,111655-0.wav
4,165346-10.wav
1,54018-11.wav
1,503419-10.wav
3,483220-0.wav
2,500148-9.wav
1,54019-4.wav
2,468991-3.wav
1,321906-4.wav
1,321943-12.wav
3,142620-11.wav
2,70119-8.wav
1,538537-3.wav
2,562221-4.wav
3,481115-6.wav
4,409009-5.wav
2,269082-5.wav
3,105818-0.wav
2,384027-1.wav
0,451370-5.wav
3,18387-5.wav
2,383961-6.wav
4,205836-4.wav
3,408127-6.wav
2,563197-8.wav
0,351041-3.wav
4,205836-11.wav
1,321932-7.wav
2,320027-1.wav
1,537579-12.wav
3,18388-5.wav
4,559279-6.wav
2,313352-3.wav
3,103339-7.wav
0,217851-12.wav
3,111649-11.wav
4,489171-0.wav
1,54725-11.wav
0,12578-8.wav
1,413128-15.wav
1,138494-6.wav
1,13610-7.wav
0,173150-8.wav
4,560427-3.wav
4,12876-8.wav
0,217851-7.wav
1,357031-1.wav
0,269166-15.wav
3,493448-1.wav
3,133566-10.wav
1,21732-12.wav
1,192423-14.wav
3,363141-10.wav
4,190526-12.wav
1,184933-13.wav
0,178015-4.wav
2,97957-12.wav
3,420846-2.wav
3,18388-0.wav
2,310256-8.wav
1,351831-5.wav
1,413128-12.wav
2,375006-1.wav
0,469010-9.wav
4,489169-2.wav
3,76471-0.wav
0,351091-11.wav
3,179182-3.wav
3,111667-11.wav
2,375006-9.wav
4,483878-8.wav
4,175226-6.wav
1,172494-15.wav
0,178015-1.wav
1,179351-8.wav
0,417877-7.wav
4,13164-7.wav
1,343928-12.wav
2,464766-10.wav
4,564312-4.wav
4,71208-11.wav
0,544036-1.wav
4,445757-5.wav
4,563619-12.wav
0,172751-11.wav
4,266643-0.wav
4,544966-8.wav
3,551290-1.wav
2,368615-13.wav
2,78683-1.wav
0,212943-7.wav
1,312453-3.wav
3,312736-4.wav
0,217839-4.wav
4,544966-2.wav
1,541496-1.wav
4,460604-7.wav
0,480035-9.wav
3,205806-8.wav
1,469351-3.wav
4,13164-4.wav
2,563197-7.wav
0,217851-11.wav
2,375274-0.wav
1,559014-4.wav
2,322565-6.wav
2,351861-4.wav
3,282512-5.wav
2,537326-0.wav
0,237263-0.wav
4,71208-2.wav
3,175509-13.wav
3,327795-5.wav
0,104637-15.wav
0,217833-4.wav
2,351863-8.wav
2,165303-12.wav
2,407819-7.wav
3,62782-6.wav
0,173150-11.wav
0,217833-11.wav
3,481115-7.wav
1,321913-11.wav
4,138075-1.wav
2,165304-4.wav
2,383961-0.wav
3,246812-10.wav
0,408543-5.wav
0,104637-3.wav
3,111651-5.wav
4,356804-7.wav
1,321941-5.wav
1,14213-8.wav
0,469007-1.wav
3,142619-5.wav
1,321902-7.wav
3,408811-7.wav
2,103060-5.wav
3,111671-10.wav
3,111287-6.wav
0,486798-13.wav
1,406012-15.wav
3,480224-6.wav
3,125714-8.wav
0,205433-6.wav
1,172648-12.wav
3,551290-5.wav
3,408126-2.wav
0,12578-4.wav
2,178008-12.wav
3,408014-6.wav
3,18387-8.wav
3,144116-9.wav
1,57040-13.wav
4,196163-11.wav
4,409007-0.wav
3,142619-10.wav
0,557838-6.wav
4,220401-6.wav
0,173148-1.wav
3,325378-6.wav
2,469605-6.wav
1,172647-8.wav
1,364588-14.wav
3,103449-1.wav
2,382342-5.wav
0,469010-12.wav
3,561356-3.wav
1,170052-9.wav
0,109668-7.wav
2,559314-2.wav
0,417877-11.wav
1,423438-7.wav
4,169226-9.wav
1,232710-12.wav
3,423504-0.wav
0,351038-7.wav
3,381570-5.wav
3,111668-4.wav
2,175222-1.wav
2,138063-10.wav
4,125284-7.wav
3,103338-8.wav
2,205803-1.wav
3,426314-0.wav
4,175226-10.wav
0,172751-2.wav
3,477785-7.wav
0,351076-5.wav
4,325690-5.wav
2,368614-5.wav
0,15270-5.wav
3,481115-9.wav
3,483881-5.wav
0,109397-10.wav
1,559014-8.wav
0,109668-9.wav
3,408126-1.wav
1,269503-8.wav
2,319833-11.wav
1,499260-4.wav
3,480068-2.wav
3,205806-13.wav
1,351830-2.wav
4,82113-11.wav
3,205806-16.wav
1,14213-4.wav
0,325137-7.wav
1,21735-16.wav
4,343926-0.wav
4,412668-8.wav
3,195046-2.wav
3,78060-6.wav
2,564324-6.wav
1,18484-10.wav
4,463767-10.wav
4,470299-11.wav
4,483878-2.wav
3,131646-4.wav
4,343926-4.wav
4,138075-6.wav
4,190456-2.wav
4,409007-3.wav
3,309650-6.wav
2,537326-8.wav
0,173154-0.wav
1,552450-11.wav
3,105818-1.wav
1,321943-3.wav
4,233123-8.wav
1,139965-11.wav
3,408811-5.wav
2,138063-16.wav
2,165304-1.wav
2,322884-7.wav
0,323977-3.wav
0,323979-10.wav
0,89833-7.wav
1,312453-2.wav
1,21732-14.wav
4,489171-2.wav
1,13610-15.wav
2,483578-13.wav
3,133566-9.wav
0,14172-0.wav
2,97957-8.wav
1,319143-3.wav
2,165304-11.wav
0,173154-4.wav
3,483978-11.wav
2,416294-12.wav
3,246812-9.wav
2,368614-7.wav
2,563197-10.wav
4,82113-8.wav
2,325132-2.wav
3,131649-4.wav
2,103059-13.wav
3,434169-5.wav
0,351058-6.wav
4,451804-5.wav
3,288000-3.wav
2,564319-14.wav
3,408811-1.wav
2,368614-6.wav
4,313423-1.wav
1,269503-14.wav
4,196163-1.wav
0,408543-10.wav
0,408558-3.wav
4,460742-0.wav
2,464766-0.wav
1,542156-6.wav
1,321914-9.wav
0,557838-8.wav
1,321941-6.wav
4,220401-5.wav
4,466692-15.wav
4,109034-7.wav
4,137583-3.wav
4,382878-6.wav
3,125711-3.wav
1,433083-10.wav
0,408543-4.wav
3,381568-3.wav
4,375382-1.wav
3,142620-4.wav
1,321788-9.wav
3,172442-5.wav
2,394835-8.wav
4,467213-10.wav
3,111669-0.wav
2,479482-4.wav
3,125713-9.wav
3,306748-9.wav
3,336819-9.wav
3,384033-7.wav
3,482639-13.wav
3,181738-5.wav
4,370494-2.wav
1,317019-2.wav
3,368065-0.wav
3,125723-6.wav
2,129798-12.wav
4,470301-1.wav
4,362753-13.wav
3,111666-3.wav
4,375382-2.wav
0,178015-6.wav
0,351182-6.wav
3,125717-9.wav
3,375662-6.wav
3,78059-5.wav
1,416049-5.wav
3,62782-5.wav
3,320469-8.wav
2,479482-12.wav
3,76471-4.wav
2,408817-16.wav
3,306748-0.wav
0,306680-8.wav
0,178322-6.wav
1,130970-7.wav
0,89833-8.wav
2,464766-7.wav
4,363861-14.wav
3,125723-8.wav
0,237263-11.wav
1,18484-4.wav
2,70119-0.wav
4,18344-2.wav
1,321897-5.wav
3,483220-5.wav
0,351058-10.wav
0,351091-4.wav
0,217843-10.wav
3,111666-2.wav
4,317502-8.wav
2,313351-4.wav
1,351829-8.wav
0,217851-9.wav
3,423504-3.wav
4,409007-6.wav
0,351041-14.wav
4,165345-8.wav
2,178008-10.wav
2,423449-8.wav
0,351179-2.wav
3,288000-6.wav
3,312736-10.wav
4,382878-9.wav
1,130970-3.wav
3,121280-5.wav
1,54018-9.wav
2,368615-12.wav
4,143800-9.wav
2,322565-5.wav
2,468991-0.wav
4,542090-3.wav
2,464766-12.wav
1,14213-3.wav
0,61472-2.wav
0,351065-9.wav
1,269503-0.wav
3,246812-1.wav
0,473447-9.wav
0,237263-2.wav
4,370494-8.wav
3,408127-4.wav
3,480068-1.wav
4,466178-6.wav
1,321923-1.wav
3,125723-5.wav
0,109668-6.wav
4,544966-10.wav
2,563612-5.wav
3,111289-1.wav
3,195046-8.wav
4,564311-6.wav
4,418321-6.wav
0,217924-9.wav
1,376174-1.wav
0,351179-3.wav
4,109035-1.wav
1,563125-12.wav
1,21732-5.wav
1,170052-4.wav
3,175509-3.wav
2,564319-15.wav
4,563619-2.wav
4,542090-15.wav
3,144116-2.wav
2,78015-7.wav
4,324411-0.wav
2,322572-5.wav
2,322884-6.wav
4,185240-1.wav
3,362470-0.wav
0,351038-0.wav
4,460604-9.wav
1,54018-8.wav
2,322565-4.wav
3,133568-8.wav
0,408558-10.wav
0,469007-9.wav
3,327795-4.wav
1,54018-1.wav
0,323977-11.wav
2,446457-7.wav
3,366598-6.wav
2,464766-13.wav
1,542156-10.wav
3,336819-10.wav
3,175509-12.wav
1,21735-3.wav
1,552447-1.wav
3,73428-9.wav
2,483578-11.wav
3,551290-11.wav
0,351049-1.wav
1,489315-2.wav
1,18483-10.wav
4,54652-3.wav
2,320027-10.wav
3,133566-1.wav
4,460742-10.wav
0,351076-8.wav
4,363861-16.wav
0,351083-1.wav
0,451370-12.wav
1,351831-2.wav
3,129646-4.wav
3,381568-1.wav
2,351863-7.wav
0,321497-0.wav
4,564311-12.wav
0,217911-3.wav
0,12577-6.wav
3,483884-4.wav
4,563619-9.wav
2,97957-16.wav
0,408558-0.wav
3,388773-0.wav
1,537579-1.wav
3,325378-8.wav
0,325137-6.wav
4,412669-1.wav
2,103059-1.wav
0,12577-0.wav
0,173148-6.wav
4,362613-3.wav
0,332644-1.wav
3,480224-3.wav
1,477371-7.wav
4,445757-10.wav
4,72185-8.wav
3,282625-3.wav
2,322821-10.wav
1,321905-3.wav
1,232710-5.wav
3,144116-5.wav
4,474134-8.wav
4,370494-3.wav
1,18483-4.wav
4,317502-10.wav
2,322884-3.wav
1,321786-7.wav
3,125721-3.wav
3,149420-6.wav
2,34766-9.wav
1,541426-3.wav
2,406326-6.wav
3,103339-6.wav
3,426314-9.wav
1,545900-4.wav
4,185240-0.wav
1,413128-0.wav
4,489169-5.wav
0,15270-2.wav
4,302932-6.wav
0,351038-11.wav
0,351041-1.wav
3,78060-4.wav
3,125714-2.wav
1,364588-3.wav
3,393996-1.wav
3,426314-11.wav
4,266643-8.wav
3,483220-6.wav
4,109035-3.wav
3,483884-5.wav
2,322565-7.wav
4,220401-12.wav
1,557029-10.wav
2,408817-10.wav
1,54018-4.wav
3,480032-0.wav
2,483628-15.wav
3,362469-0.wav
2,446457-9.wav
2,446458-10.wav
1,321923-15.wav
1,21732-1.wav
2,562221-7.wav
0,61472-1.wav
1,321897-3.wav
1,413128-2.wav
4,356804-10.wav
2,564544-7.wav
3,388773-4.wav
4,190526-9.wav
2,310256-15.wav
2,322572-1.wav
3,144116-7.wav
3,358837-2.wav
3,376028-2.wav
2,313351-2.wav
4,12876-0.wav
2,13602-4.wav
2,13602-3.wav
0,217913-9.wav
3,111653-5.wav
2,205803-2.wav
3,128904-4.wav
4,169226-10.wav
3,269172-1.wav
1,469351-0.wav
4,408321-2.wav
1,312453-5.wav
4,559516-2.wav
1,470300-4.wav
4,13164-1.wav
2,368615-11.wav
3,483884-10.wav
4,196163-6.wav
0,212943-9.wav
3,18387-4.wav
4,138075-15.wav
4,125284-0.wav
2,165303-8.wav
4,235432-8.wav
1,470300-5.wav
0,217924-0.wav
1,319143-16.wav
3,193953-6.wav
1,534181-4.wav
0,172751-10.wav
1,321932-10.wav
2,325132-8.wav
1,537579-0.wav
2,103059-11.wav
0,14172-11.wav
3,269172-5.wav
3,78059-1.wav
3,375662-4.wav
1,545900-3.wav
1,321894-10.wav
3,549591-3.wav
2,70119-7.wav
4,325690-0.wav
0,89833-11.wav
3,565240-6.wav
2,190441-9.wav
2,483578-6.wav
1,559014-9.wav
1,538537-2.wav
4,343926-5.wav
3,142620-2.wav
1,321932-9.wav
4,372866-3.wav
2,562449-11.wav
2,190441-13.wav
4,109035-7.wav
0,351082-11.wav
3,125713-7.wav
3,462899-8.wav
3,205810-8.wav
3,128904-12.wav
2,205803-14.wav
3,111671-5.wav
3,235955-6.wav
2,175222-8.wav
2,375274-5.wav
4,165346-6.wav
1,13610-4.wav
0,351182-1.wav
0,473447-3.wav
2,564545-4.wav
2,129798-2.wav
3,549591-8.wav
0,217833-13.wav
0,323975-7.wav
3,408127-1.wav
1,18484-1.wav
0,408543-8.wav
3,325378-4.wav
1,321902-3.wav
2,177384-5.wav
0,173153-3.wav
2,384027-11.wav
3,426314-6.wav
0,217847-4.wav
2,469605-13.wav
0,269166-3.wav
1,534181-0.wav
4,560427-9.wav
2,564544-8.wav
3,103339-5.wav
3,142621-5.wav
3,483884-8.wav
1,131455-10.wav
3,125713-2.wav
2,446458-2.wav
4,266643-3.wav
1,54018-2.wav
1,172648-13.wav
3,408127-2.wav
4,72185-2.wav
3,465907-3.wav
1,14213-11.wav
0,323981-1.wav
4,211633-2.wav
3,102948-5.wav
4,235432-10.wav
0,451372-6.wav
2,423449-1.wav
1,541496-2.wav
4,324411-1.wav
2,190473-9.wav
1,534181-5.wav
1,552450-13.wav
4,563619-1.wav
3,121281-3.wav
4,220401-0.wav
1,357943-1.wav
4,211633-3.wav
0,323977-5.wav
3,128238-4.wav
2,97957-4.wav
4,559516-6.wav
1,14213-12.wav
2,351861-7.wav
1,21735-9.wav
3,490351-14.wav
2,446457-2.wav
4,20420-1.wav
2,70119-5.wav
4,559516-3.wav
3,565240-1.wav
3,142620-0.wav
4,469588-3.wav
4,220402-12.wav
1,563125-13.wav
0,205433-2.wav
1,334320-10.wav
4,563619-3.wav
3,128238-3.wav
4,109035-10.wav
3,366598-3.wav
2,103060-15.wav
3,366598-0.wav
3,149420-0.wav
1,552450-2.wav
3,134180-2.wav
2,165292-1.wav
3,549591-9.wav
3,111287-7.wav
4,313423-11.wav
0,408543-9.wav
2,319833-2.wav
1,14212-13.wav
1,138494-12.wav
0,351038-10.wav
2,382342-8.wav
2,564544-6.wav
1,364588-18.wav
1,232710-6.wav
2,375274-7.wav
4,523589-15.wav
3,408571-1.wav
0,351091-14.wav
4,325690-11.wav
1,14213-14.wav
1,489315-3.wav
1,469896-7.wav
2,78015-11.wav
1,138494-14.wav
1,21732-0.wav
2,407819-6.wav
1,14212-2.wav
2,165291-7.wav
4,463767-13.wav
1,321914-3.wav
0,451372-2.wav
3,111667-8.wav
2,394835-0.wav
0,178016-7.wav
1,317019-6.wav
0,217924-6.wav
4,11713-14.wav
1,321786-10.wav
4,324411-15.wav
0,178015-13.wav
3,425799-0.wav
4,542090-10.wav
4,560427-2.wav
1,470300-8.wav
3,565242-4.wav
3,143923-1.wav
3,129646-10.wav
3,362469-4.wav
4,313423-0.wav
3,393996-0.wav
3,393994-8.wav
1,351830-1.wav
4,196163-4.wav
1,321913-3.wav
2,165303-0.wav
3,288255-12.wav
0,15269-1.wav
3,363141-9.wav
1,321897-11.wav
2,313351-6.wav
0,173150-9.wav
4,317266-1.wav
1,538537-1.wav
2,325132-1.wav
4,356804-3.wav
2,446457-1.wav
3,125718-3.wav
0,217851-8.wav
3,358837-9.wav
4,172437-0.wav
3,111649-4.wav
1,130970-1.wav
4,412668-4.wav
0,217851-0.wav
3,282512-12.wav
2,367008-4.wav
2,483628-12.wav
4,125284-8.wav
2,408817-14.wav
4,375382-7.wav
1,499260-6.wav
0,217824-13.wav
1,321945-9.wav
4,362753-7.wav
1,321931-14.wav
0,332644-7.wav
3,125718-4.wav
1,343928-4.wav
3,408811-4.wav
1,321894-3.wav
4,12876-13.wav
3,225619-8.wav
4,560427-8.wav
0,351075-0.wav
2,177384-8.wav
4,463767-11.wav
4,467213-1.wav
2,78015-10.wav
1,57040-4.wav
0,217847-13.wav
4,18344-9.wav
1,541426-4.wav
1,394057-1.wav
3,133568-4.wav
1,406012-7.wav
4,409007-9.wav
0,325137-12.wav
1,557029-4.wav
2,129798-9.wav
0,351182-4.wav
3,205806-14.wav
4,205836-2.wav
3,62782-9.wav
3,483978-6.wav
2,14442-2.wav
3,469877-7.wav
0,217847-2.wav
1,557029-7.wav
3,363141-6.wav
4,109034-11.wav
2,78683-5.wav
1,321913-13.wav
1,321931-4.wav
4,466697-1.wav
4,470299-3.wav
1,557029-3.wav
1,552450-0.wav
4,470299-7.wav
3,493448-3.wav
1,58179-8.wav
3,561356-1.wav
3,408571-11.wav
1,54018-5.wav
3,121280-1.wav
3,111668-6.wav
4,466692-10.wav
3,103339-0.wav
1,321923-8.wav
2,322821-8.wav
4,324411-11.wav
0,351041-0.wav
0,237263-6.wav
3,425799-3.wav
0,178015-5.wav
0,417877-5.wav
1,469896-11.wav
0,325137-9.wav
3,111650-8.wav
3,336819-12.wav
4,445757-9.wav
4,362753-6.wav
1,503419-3.wav
4,82113-10.wav
4,11846-8.wav
4,489171-9.wav
1,469351-12.wav
2,464766-2.wav
3,121280-11.wav
1,423438-5.wav
1,54725-10.wav
4,324411-14.wav
3,429249-4.wav
3,561356-8.wav
1,321899-1.wav
3,111645-6.wav
4,463767-0.wav
3,179182-5.wav
1,21733-1.wav
1,321945-7.wav
1,343928-15.wav
0,306680-9.wav
2,382342-11.wav
3,103339-2.wav
1,376174-7.wav
3,386586-0.wav
3,18388-3.wav
4,467213-13.wav
3,376028-8.wav
0,217854-8.wav
1,545900-2.wav
1,172494-14.wav
3,500924-11.wav
3,111646-5.wav
2,407819-8.wav
1,321931-13.wav
3,125713-14.wav
4,466697-8.wav
1,321942-8.wav
1,62791-8.wav
2,483578-9.wav
1,503419-9.wav
4,175226-2.wav
1,321897-1.wav
1,321942-5.wav
4,11846-3.wav
0,217924-10.wav
2,103060-2.wav
2,322565-10.wav
2,394835-10.wav
2,178008-11.wav
1,542156-9.wav
2,269082-6.wav
3,125713-10.wav
2,564319-16.wav
2,175222-11.wav
3,131646-0.wav
0,22069-0.wav
4,523589-14.wav
0,217847-12.wav
1,351831-8.wav
2,70119-10.wav
3,408018-3.wav
0,332644-13.wav
3,320719-1.wav
1,319143-6.wav
1,542156-0.wav
1,321906-5.wav
3,125714-1.wav
2,322734-4.wav
4,463767-1.wav
3,336819-11.wav
3,429249-8.wav
1,321899-4.wav
0,351179-5.wav
0,351038-8.wav
0,173148-5.wav
3,36619-4.wav
4,564312-7.wav
4,317266-7.wav
2,175222-6.wav
1,469896-10.wav
1,351830-10.wav
4,382878-5.wav
0,451371-1.wav
2,483628-8.wav
3,111669-2.wav
4,109034-3.wav
4,143800-10.wav
2,537326-6.wav
4,11713-5.wav
0,351078-3.wav
3,288255-3.wav
4,544966-3.wav
1,21732-3.wav
1,469896-6.wav
4,542090-13.wav
1,321788-7.wav
2,322822-13.wav
4,466692-3.wav
3,288255-6.wav
1,14213-15.wav
3,103449-9.wav
3,306748-8.wav
1,321943-13.wav
4,564312-13.wav
1,357943-5.wav
1,58179-11.wav
1,319143-4.wav
2,165292-9.wav
2,564319-12.wav
4,375382-5.wav
0,351038-1.wav
2,97957-10.wav
0,217911-6.wav
3,481115-12.wav
1,138494-10.wav
2,190441-5.wav
3,408018-2.wav
4,470301-6.wav
4,356804-5.wav
1,321786-4.wav
0,109668-8.wav
1,269503-2.wav
3,557836-0.wav
3,325378-11.wav
3,306748-14.wav
2,368614-9.wav
2,483628-13.wav
3,111655-4.wav
3,128238-12.wav
0,172751-8.wav
1,364588-8.wav
1,13609-14.wav
4,362753-11.wav
0,451371-10.wav
4,563619-7.wav
1,552447-3.wav
3,376028-0.wav
4,20420-5.wav
1,357943-9.wav
0,351075-6.wav
4,367804-1.wav
0,12577-3.wav
1,541496-10.wav
0,351081-11.wav
3,111667-4.wav
4,235432-4.wav
1,351830-9.wav
2,564545-11.wav
1,416049-1.wav
2,309318-5.wav
1,172647-10.wav
1,563125-7.wav
1,559014-0.wav
1,312453-4.wav
0,217833-10.wav
4,125284-4.wav
2,368615-14.wav
0,351093-7.wav
3,121281-12.wav
3,425799-10.wav
3,134164-8.wav
4,466178-5.wav
3,142619-1.wav
2,368615-9.wav
3,551290-0.wav
3,282625-2.wav
1,54019-11.wav
3,462899-9.wav
1,321927-5.wav
3,462899-2.wav
0,89833-15.wav
1,319143-8.wav
4,324411-9.wav
0,217833-2.wav
4,165345-11.wav
0,109397-5.wav
2,190441-14.wav
3,175509-4.wav
